countrycode,closing_date,ebitda,r_d_expenses_operating_revenue,research_development_expenses,number_of_employees,"Deal value
m EUR",Acquired stake (%)_0_10,Acquired stake (%)_10_20,Acquired stake (%)_20_30,Acquired stake (%)_30_40,Acquired stake (%)_40_50,Acquired stake (%)_0_25,Acquired stake (%)_25_50,Acquired stake (%)_0_50,Total deal value for Acquired stake (%)0_10,Total deal value for Acquired stake (%)_10_20,Total deal value for Acquired stake (%)_20_30,Total deal value for Acquired stake (%)_30_40,Total deal value for Acquired stake (%)_40_50,Total deal value for Acquired stake (%)_0_25,Total deal value for Acquired stake (%)_25_50,Total deal value for Acquired stake (%)_0_50,Final stake (%)_0_10,Final stake (%)_10_20,Final stake (%)_20_30,Final stake (%)_30_40,Final stake (%)_40_50,Final stake (%)_0_25,Final stake (%)_25_50,Score-protecting minority investors,Reform,is_reform
AU,2000,9570515.0,-0.23487426160726482,0.0,66.0,0.0,0,0,0,0,0,0,0,0,0.0,0.0,0.0,0.0,0.0,0.0,0.0,0.0,0,0,0,0,0,0,0,,,
AU,2001,177462529.0,-1.6683215644996323,31833893.0,2596.0,0.0,0,0,0,0,0,0,0,0,0.0,0.0,0.0,0.0,0.0,0.0,0.0,0.0,0,0,0,0,0,0,0,,,
AU,2002,2240107801.0,-5.53827466831831,58104174.0,54528.0,189.35,1,1,0,0,0,2,0,2,7.25,182.1,0.0,0.0,0.0,189.35,0.0,189.35,1,1,0,0,0,2,0,,,
AU,2003,2148999803.0,11.266107892773807,113983009.0,62402.0,140.60999999999999,6,6,0,0,0,12,0,12,61.78,78.83,0.0,0.0,0.0,140.60999999999999,0.0,140.60999999999999,4,8,0,0,0,12,0,,,
AU,2004,3900684525.0,33.93875468044382,109242462.0,60358.0,60.4,15,2,0,0,0,16,0,16,51.32,9.08,0.0,0.0,0.0,53.04,0.0,53.04,6,8,1,1,0,15,1,,,
AU,2005,6745036979.0,-16.396753191101208,151954630.0,90990.0,238.85999999999999,24,3,0,0,0,23,0,23,225.85,13.01,0.0,0.0,0.0,187.82,0.0,187.82,12,7,3,1,0,22,1,,,
AU,2006,8032743297.0,-20.794194186345408,229087810.0,88835.0,1090.51,27,6,1,0,0,25,0,25,734.51,333.2,11.94,0.0,0.0,1023.53,0.0,1023.53,10,14,1,0,0,25,0,56.666666666667,,
AU,2007,9844144998.0,-24.481524023272815,239646523.0,52727.0,810.28,40,5,0,0,0,41,0,41,745.3,64.98,0.0,0.0,0.0,753.62,0.0,753.62,21,19,0,1,0,40,1,56.666666666667,,
AU,2008,5739047992.0,-24.717010296241984,190373465.0,31152.0,335.21000000000004,4,4,0,0,0,7,0,7,11.72,308.17,0.0,0.0,0.0,316.81,0.0,316.81,3,4,0,0,0,7,0,56.666666666667,,
AU,2009,4334821780.0,-24.018204977444427,226779421.0,27589.0,329.79,10,3,1,0,0,14,0,14,314.38,8.69,6.72,0.0,0.0,329.79,0.0,329.79,9,4,1,0,0,14,0,56.666666666667,,
AU,2010,7707213973.0,-21.13134066759449,174141838.0,40264.0,412.75,44,3,0,0,0,41,0,41,344.39,68.36,0.0,0.0,0.0,392.84999999999997,0.0,392.84999999999997,25,16,0,0,0,41,0,56.666666666667,,
AU,2011,7461176622.0,-20.930004040949438,21266019.0,43006.0,164.60999999999999,29,0,0,0,0,28,0,28,164.60999999999999,0.0,0.0,0.0,0.0,160.52,0.0,160.52,13,13,1,1,0,27,1,56.666666666667,,
AU,2012,6647168463.0,7.758727026176804,45468774.0,50434.0,580.55,55,3,0,0,0,58,0,58,348.28,232.26999999999998,0.0,0.0,0.0,580.55,0.0,580.55,31,23,3,1,0,55,3,56.666666666667,,
AU,2013,4949484479.0,-24.19467706841256,98772510.0,43818.0,730.5,41,4,0,0,1,42,1,43,429.22,291.09999999999997,0.0,0.0,10.18,711.36,10.18,721.54,29,13,0,0,1,42,1,56.666666666667,,
AU,2014,6415853087.0,-30.558509309882034,103456687.0,48264.0,447.68,28,1,0,0,0,29,0,29,373.28,74.4,0.0,0.0,0.0,447.68,0.0,447.68,22,5,2,0,0,29,0,64.0,,
AU,2015,6891455077.0,-15.59080852526806,1211397927.0,46595.0,1627.97,11,3,0,0,0,14,0,14,475.11,1152.8600000000001,0.0,0.0,0.0,1627.97,0.0,1627.97,8,5,1,0,0,14,0,64.0,,
AU,2016,7500675840.0,-25.39062660420304,172325716.0,40301.0,123.8,6,0,0,0,0,6,0,6,123.8,0.0,0.0,0.0,0.0,123.8,0.0,123.8,6,0,0,0,0,6,0,64.0,,
AU,2017,7234683130.0,-22.283707690584603,9411809.0,39982.0,52.4,1,3,0,0,0,4,0,4,13.69,38.71,0.0,0.0,0.0,52.4,0.0,52.4,1,3,0,0,0,4,0,64.0,,
AU,2018,7852204434.0,-4.636598077101279,13550508.0,29770.0,180.35999999999999,16,4,0,0,0,15,0,15,142.27,38.089999999999996,0.0,0.0,0.0,164.87,0.0,164.87,8,6,1,0,0,14,1,64.0,,
AU,2019,6909114657.0,-18.515405560306522,4739706.0,20566.0,11.530000000000001,4,1,1,0,0,6,0,6,4.12,6.07,1.34,0.0,0.0,11.530000000000001,0.0,11.530000000000001,3,2,1,0,0,6,0,64.0,,
AU,2020,4500683781.0,-23.795531485550963,40311.0,9983.0,39.99,7,1,1,0,0,8,1,9,29.580000000000002,0.9,9.51,0.0,0.0,30.48,9.51,39.99,3,5,1,0,0,8,1,64.0,,
BG,2010,22080473.0,-0.46974852321452965,0.0,3404.0,0.0,0,0,0,0,0,0,0,0,0.0,0.0,0.0,0.0,0.0,0.0,0.0,0.0,0,0,0,0,0,0,0,63.333333333333,,
BG,2011,22067541.0,-0.46974852321452965,0.0,3450.0,0.0,0,0,0,0,0,0,0,0,0.0,0.0,0.0,0.0,0.0,0.0,0.0,0.0,0,0,0,0,0,0,0,63.333333333333,,
BG,2012,-762212.0,-0.46974852321452965,0.0,1235.0,0.0,0,0,0,0,0,0,0,0,0.0,0.0,0.0,0.0,0.0,0.0,0.0,0.0,0,0,0,0,0,0,0,63.333333333333,,
BG,2013,11000322.0,-1.174371308036324,0.0,1799.0,10.87,0,0,1,0,0,1,0,1,0.0,0.0,10.87,0.0,0.0,10.87,0.0,10.87,0,0,1,0,0,1,0,63.333333333333,,
BG,2014,-916140.0,-0.9394970464290593,0.0,1586.0,0.79,1,0,0,0,0,1,0,1,0.79,0.0,0.0,0.0,0.0,0.79,0.0,0.79,0,1,0,0,0,1,0,74.0,,
BG,2015,186000001.0,-1.409245569643589,0.0,3676.0,1.45,2,0,0,0,0,2,0,2,1.45,0.0,0.0,0.0,0.0,1.45,0.0,1.45,0,0,0,2,0,0,2,74.0,,
BG,2016,24782173.0,-1.8789940928581186,0.0,4800.0,0.0,0,0,0,0,0,0,0,0,0.0,0.0,0.0,0.0,0.0,0.0,0.0,0.0,0,0,0,0,0,0,0,74.0,,
BG,2017,11591570.0,-1.409245569643589,0.0,4204.0,0.0,0,0,0,0,0,0,0,0,0.0,0.0,0.0,0.0,0.0,0.0,0.0,0.0,0,0,0,0,0,0,0,74.0,,
BG,2018,11263926.0,-1.174371308036324,0.0,4086.0,0.0,0,0,0,0,0,0,0,0,0.0,0.0,0.0,0.0,0.0,0.0,0.0,0.0,0,0,0,0,0,0,0,74.0,,
BG,2019,8111096.0,-0.7046227848217945,0.0,1015.0,11.44,0,1,0,0,0,1,0,1,0.0,11.44,0.0,0.0,0.0,11.44,0.0,11.44,0,1,0,0,0,1,0,74.0,,
CA,1996,-447039.0,-0.46974852321452965,0.0,0.0,0.0,0,0,0,0,0,0,0,0,0.0,0.0,0.0,0.0,0.0,0.0,0.0,0.0,0,0,0,0,0,0,0,,,
CA,1997,15208870.0,-0.7046227848217945,0.0,0.0,0.0,0,0,0,0,0,0,0,0,0.0,0.0,0.0,0.0,0.0,0.0,0.0,0.0,0,0,0,0,0,0,0,,,
CA,1998,47293454.0,-1.174371308036324,0.0,0.0,0.0,0,0,0,0,0,0,0,0,0.0,0.0,0.0,0.0,0.0,0.0,0.0,0.0,0,0,0,0,0,0,0,,,
CA,1999,1027401803.0,-1.409245569643589,0.0,0.0,0.0,0,0,0,0,0,0,0,0,0.0,0.0,0.0,0.0,0.0,0.0,0.0,0.0,0,0,0,0,0,0,0,,,
CA,2000,59400932.0,-1.409245569643589,0.0,0.0,0.0,0,0,0,0,0,0,0,0,0.0,0.0,0.0,0.0,0.0,0.0,0.0,0.0,0,0,0,0,0,0,0,,,
CA,2001,87387418.0,-1.6441198312508538,0.0,0.0,0.0,1,0,0,0,0,1,0,1,0.0,0.0,0.0,0.0,0.0,0.0,0.0,0.0,0,1,0,0,0,1,0,,,
CA,2002,68611884.0,-3.2882396625017076,0.0,0.0,0.0,0,0,0,0,0,0,0,0,0.0,0.0,0.0,0.0,0.0,0.0,0.0,0.0,0,0,0,0,0,0,0,,,
CA,2003,595105637.0,4.301895023930157,1283477.0,2.0,26.85,2,0,0,0,1,2,1,3,21.23,0.0,0.0,0.0,5.62,21.23,5.62,26.85,0,1,0,1,1,1,2,,,
CA,2004,910963370.0,-7.558247131485526,408705.0,12.0,11.68,8,0,0,0,0,8,0,8,11.68,0.0,0.0,0.0,0.0,11.68,0.0,11.68,3,4,0,1,0,7,1,,,
CA,2005,1172858101.0,-5.692158167096272,1974826.0,0.0,14.64,1,0,1,0,1,2,1,3,3.39,0.0,8.22,0.0,3.03,11.610000000000001,3.03,14.64,0,1,1,0,1,2,1,,,
CA,2006,1013468777.0,-9.783097743835281,1856773.0,0.0,172.46,4,1,0,0,0,5,0,5,8.91,163.55,0.0,0.0,0.0,172.46,0.0,172.46,0,3,0,0,2,3,2,83.333333333333,,
CA,2007,1083507502.0,-12.43543535408583,2190203.0,0.0,34.730000000000004,6,0,0,0,0,6,0,6,34.730000000000004,0.0,0.0,0.0,0.0,34.730000000000004,0.0,34.730000000000004,1,3,1,0,1,4,2,83.333333333333,,
CA,2008,1314805919.0,-9.305297367436685,1595281.0,0.0,19.31,5,4,0,0,0,9,0,9,15.75,3.56,0.0,0.0,0.0,19.31,0.0,19.31,1,7,1,0,0,8,1,83.333333333333,,
CA,2009,1246026801.0,-11.984400190625085,2201362.0,760.0,39.68000000000001,6,0,0,0,0,6,0,6,39.68000000000001,0.0,0.0,0.0,0.0,39.68000000000001,0.0,39.68000000000001,1,5,0,0,0,6,0,83.333333333333,,
CA,2010,1802365114.0,7.488469860782296,1711626.0,0.0,48.18,6,2,1,0,0,8,1,9,39.53,7.640000000000001,1.01,0.0,0.0,47.17,1.01,48.18,3,4,0,1,1,7,2,83.333333333333,,
CA,2011,1519859195.0,6.5057424809304045,4144644.0,0.0,58.7,8,2,0,0,0,10,0,10,46.31,12.39,0.0,0.0,0.0,58.7,0.0,58.7,0,8,1,0,1,8,2,83.333333333333,,
CA,2012,1975829512.0,-13.293311156845046,439972.0,5443.0,30.46,4,0,2,0,0,5,1,6,4.54,0.0,25.92,0.0,0.0,28.52,1.94,30.46,1,3,0,2,0,4,2,83.333333333333,,
CA,2013,2574787816.0,-12.279285146560433,494084.0,0.0,4.78,4,1,0,0,0,5,0,5,3.1799999999999997,1.6,0.0,0.0,0.0,4.78,0.0,4.78,0,4,1,0,0,5,0,86.666666666667,,
CA,2014,2515150646.0,-9.261733324114951,589390.0,6575.0,9.0,2,1,0,0,0,3,0,3,5.58,3.42,0.0,0.0,0.0,9.0,0.0,9.0,0,2,0,1,0,2,1,82.0,,
CA,2015,3049426157.0,-1.3976706634006684,6850457.0,6869.0,3.5700000000000003,1,2,0,1,0,3,1,4,0.44,0.74,0.0,2.39,0.0,1.18,2.39,3.5700000000000003,0,3,0,1,0,3,1,82.0,,
CA,2016,3406875032.0,-6.645218527052681,8330864.0,109846.0,218.25,6,1,1,1,0,8,1,9,149.67,66.81,1.66,0.11,0.0,218.14000000000001,0.11,218.25,1,5,2,1,0,7,2,82.0,,
CA,2017,3965825130.0,-10.685812403706281,1539401.0,4552.0,1442.38,2,1,1,0,0,4,0,4,28.79,5.95,1407.64,0.0,0.0,1442.38,0.0,1442.38,0,2,1,1,0,3,1,82.0,,
CA,2018,4622547877.0,-7.985724894647004,0.0,8563.0,0.0,0,0,0,0,0,0,0,0,0.0,0.0,0.0,0.0,0.0,0.0,0.0,0.0,0,0,0,0,0,0,0,82.0,,
CA,2019,4968013843.0,-7.281102109825209,0.0,69621.0,2.19,1,1,0,0,0,2,0,2,0.66,1.53,0.0,0.0,0.0,2.19,0.0,2.19,1,1,0,0,0,2,0,82.0,,
CA,2020,4787443009.0,-1.7767218732162993,1001719.0,3800.0,0.0,0,0,0,0,0,0,0,0,0.0,0.0,0.0,0.0,0.0,0.0,0.0,0.0,0,0,0,0,0,0,0,82.0,,
CN,1999,15922511.0,-0.23487426160726482,0.0,0.0,0.0,0,0,0,0,0,0,0,0,0.0,0.0,0.0,0.0,0.0,0.0,0.0,0.0,0,0,0,0,0,0,0,,,
CN,2000,40466723.0,-0.7046227848217945,0.0,0.0,0.0,0,0,0,0,0,0,0,0,0.0,0.0,0.0,0.0,0.0,0.0,0.0,0.0,0,0,0,0,0,0,0,,,
CN,2001,39858923.0,-0.7046227848217945,0.0,432.0,0.0,0,0,0,0,0,0,0,0,0.0,0.0,0.0,0.0,0.0,0.0,0.0,0.0,0,0,0,0,0,0,0,,,
CN,2002,853754359.0,-1.691549872269657,21454000.0,32148.0,0.0,0,0,0,0,0,0,0,0,0.0,0.0,0.0,0.0,0.0,0.0,0.0,0.0,0,0,0,0,0,0,0,,,
CN,2003,1106028206.0,-9.590809482701337,8119000.0,66735.0,0.0,0,0,0,0,0,0,0,0,0.0,0.0,0.0,0.0,0.0,0.0,0.0,0.0,0,0,0,0,0,0,0,,,
CN,2004,12690468754.0,-56.47435709676316,9069000.0,963057.0,59.43,4,2,1,1,1,7,2,9,25.93,0.89,15.57,0.0,17.04,42.39,17.04,59.43,1,1,4,0,3,3,6,,,
CN,2005,17337890232.0,-56.229164273224384,220794000.0,1074919.0,154.96,5,4,3,0,0,10,2,12,32.44,16.63,105.89,0.0,0.0,50.66,104.3,154.96,0,3,5,3,1,4,8,,,
CN,2006,19359443635.0,-58.32077312802884,316030000.0,1186983.0,191.98,9,3,1,1,0,12,2,14,39.51,127.8,24.67,0.0,0.0,167.31,24.67,191.98,1,4,5,3,1,7,7,43.333333333333,,
CN,2007,27827174005.0,-61.37349419597378,366565000.0,1482675.0,761.72,10,1,3,0,2,13,3,16,115.87,9.31,342.51,0.0,294.03,418.99,342.72999999999996,761.72,6,4,2,0,4,11,5,50.0,,
CN,2008,27592662889.0,-63.50123648701712,508916114.0,1691309.0,1118.41,23,3,2,0,1,28,1,29,130.75,714.22,151.95,0.0,121.49,996.9200000000001,121.49,1118.41,8,4,3,5,9,14,15,50.0,,
CN,2009,29518031940.0,-57.56132663406267,737228385.0,1897567.0,234.87,4,1,4,0,1,7,3,10,37.56,18.1,179.21,0.0,0.0,103.53,131.34,234.87,2,2,4,1,1,6,4,50.0,,
CN,2010,47488707485.0,-34.8837988668899,2249316154.0,2095957.0,323.01,16,2,0,0,0,18,0,18,273.05,49.96,0.0,0.0,0.0,323.01,0.0,323.01,3,5,2,5,3,9,9,50.0,,
CN,2011,56783480036.0,-24.94589498986414,3290612229.0,2546235.0,168.16,20,0,0,0,0,20,0,20,168.16,0.0,0.0,0.0,0.0,168.16,0.0,168.16,0,9,7,3,1,14,6,50.0,,
CN,2012,53625900204.0,-14.053011606142407,3640192522.0,2577430.0,117.74,23,0,1,0,0,23,1,24,117.74,0.0,0.0,0.0,0.0,117.74,0.0,117.74,1,1,8,8,6,4,20,50.0,,
CN,2013,56844045368.0,0.48363757118500045,3719691525.0,2816772.0,333.29,20,1,0,0,0,21,0,21,249.64,83.65,0.0,0.0,0.0,333.29,0.0,333.29,1,4,6,5,5,8,13,50.0,,
CN,2014,69953149829.0,57.77301204542424,5132378522.0,2845511.0,298.14,15,0,2,0,0,16,1,17,261.82,0.0,36.32,0.0,0.0,298.14,0.0,298.14,3,1,6,4,3,7,10,52.0,,
CN,2015,77692290415.0,77.27650869009688,6831848022.0,3007885.0,1517.47,80,1,2,0,0,83,0,83,1282.25,80.36,154.85999999999999,0.0,0.0,1517.47,0.0,1517.47,14,15,16,14,24,40,43,56.0,,
CN,2016,81926736709.0,84.39595836679273,7321681843.0,2951311.0,439.12,37,3,2,1,1,41,3,44,294.04,130.1,0.0,0.0,14.98,424.14,14.98,439.12,4,3,7,19,11,10,34,56.0,,
CN,2017,95370274141.0,112.1961639510462,8825667539.0,3217969.0,1725.76,84,8,1,2,0,92,3,95,1294.37,423.84000000000003,0.42,7.13,0.0,1718.21,7.55,1725.76,18,21,15,20,21,44,51,56.0,,
CN,2018,109374075791.0,151.9949265813354,13591073222.0,3565143.0,2583.17,104,6,1,2,0,110,3,113,1911.5700000000002,647.75,11.97,11.879999999999999,0.0,2559.32,23.85,2583.17,19,21,30,25,18,53,60,56.0,,
CN,2019,106391337038.0,162.79848904758074,14686520492.0,3411740.0,3369.05,62,4,5,0,0,70,1,71,1812.99,731.13,824.9300000000001,0.0,0.0,2956.11,412.94,3369.05,17,14,16,16,8,35,36,62.0,"China strengthened minority investor protections by increasing shareholders' rights and role in major corporate decisions, clarifying ownership and control structures, and requiring reimbursement of legal expenses incurred by shareholders.",True
DE,1999,4258039.0,-0.23487426160726482,0.0,17.0,0.0,0,0,0,0,0,0,0,0,0.0,0.0,0.0,0.0,0.0,0.0,0.0,0.0,0,0,0,0,0,0,0,,,
DE,2000,21237000.0,1.8499483190638575,3059000.0,373.0,0.0,0,0,0,0,0,0,0,0,0.0,0.0,0.0,0.0,0.0,0.0,0.0,0.0,0,0,0,0,0,0,0,,,
DE,2001,10066758.0,13.345835835654391,12838138.0,410.0,0.0,0,0,0,0,0,0,0,0,0.0,0.0,0.0,0.0,0.0,0.0,0.0,0.0,0,0,0,0,0,0,0,,,
DE,2002,11982583789.0,10.02243616239255,608008804.0,134884.0,0.0,0,0,0,0,0,0,0,0,0.0,0.0,0.0,0.0,0.0,0.0,0.0,0.0,0,0,0,0,0,0,0,,,
DE,2003,5913073000.0,6.732917068731136,761415000.0,145069.0,949.1999999999999,1,1,0,1,0,2,1,3,104.1,209.79,0.0,635.31,0.0,313.89,635.31,949.1999999999999,0,0,0,2,1,0,3,,,
DE,2004,5161841155.0,7.227177948245053,837579267.0,158338.0,0.0,0,1,0,0,0,1,0,1,0.0,0.0,0.0,0.0,0.0,0.0,0.0,0.0,0,1,0,0,0,1,0,,,
DE,2005,6210208731.0,-0.25876537180543246,1090348047.0,172679.0,0.0,0,0,0,0,0,0,0,0,0.0,0.0,0.0,0.0,0.0,0.0,0.0,0.0,0,0,0,0,0,0,0,,,
DE,2006,7982950165.0,-0.8323992557203894,1164491140.0,190077.0,0.0,0,0,0,0,0,0,0,0,0.0,0.0,0.0,0.0,0.0,0.0,0.0,0.0,0,0,0,0,0,0,0,50.0,,
DE,2007,9075579660.0,0.051602044396826446,1684390790.0,209937.0,537.21,3,0,1,2,0,4,2,6,50.33,0.0,2.78,484.09999999999997,0.0,53.11,484.09999999999997,537.21,2,1,1,2,0,3,3,50.0,,
DE,2008,13049853739.0,-0.9382268500086679,2024576202.0,541854.0,111.96,4,1,0,0,0,5,0,5,96.58,15.38,0.0,0.0,0.0,111.96,0.0,111.96,3,1,0,1,0,4,1,50.0,,
DE,2009,10651835000.0,-2.5936294339304617,1834675000.0,552826.0,13.569999999999999,3,0,0,0,0,3,0,3,13.569999999999999,0.0,0.0,0.0,0.0,13.569999999999999,0.0,13.569999999999999,1,1,1,0,0,3,0,50.0,,
DE,2010,14410909366.0,-1.4118459882899248,2115239167.0,529878.0,1.37,1,1,0,0,0,2,0,2,0.0,1.37,0.0,0.0,0.0,1.37,0.0,1.37,0,2,0,0,0,2,0,50.0,,
DE,2011,15972266331.0,19.41186746212191,2488835894.0,575444.0,0.0,0,0,0,0,0,0,0,0,0.0,0.0,0.0,0.0,0.0,0.0,0.0,0.0,0,0,0,0,0,0,0,50.0,,
DE,2012,15544412732.0,10.625412591043405,2773227682.0,596220.0,496.26,3,0,0,0,0,2,0,2,496.26,0.0,0.0,0.0,0.0,312.26,0.0,312.26,1,0,0,1,0,1,1,50.0,,
DE,2013,16433029287.0,30.32863733867215,3016736742.0,620318.0,0.0,0,0,0,0,0,0,0,0,0.0,0.0,0.0,0.0,0.0,0.0,0.0,0.0,0,0,0,0,0,0,0,50.0,,
DE,2014,19903122174.0,-3.921893475484063,3274190804.0,579678.0,116.03,2,0,0,0,0,2,0,2,116.03,0.0,0.0,0.0,0.0,116.03,0.0,116.03,1,0,1,0,0,2,0,62.0,,
DE,2015,17975707116.0,-4.072559926884124,3303750138.0,593138.0,16.02,1,0,0,0,0,1,0,1,16.02,0.0,0.0,0.0,0.0,16.02,0.0,16.02,0,1,0,0,0,1,0,62.0,,
DE,2016,19933479662.0,11.453598287058849,3117656325.0,433143.0,146.24,3,0,0,0,0,3,0,3,146.24,0.0,0.0,0.0,0.0,146.24,0.0,146.24,1,0,1,1,0,2,1,62.0,,
DE,2017,20782850000.0,3.468865287369233,2859992000.0,464840.0,315.46999999999997,5,0,0,0,0,3,0,3,315.46999999999997,0.0,0.0,0.0,0.0,188.34,0.0,188.34,0,0,2,1,0,1,2,62.0,,
DE,2018,19608459000.0,1.1133641013811977,2885906000.0,439102.0,3826.94,2,0,0,0,1,2,1,3,15.26,0.0,0.0,0.0,3811.68,15.26,3811.68,3826.94,2,0,0,0,1,2,1,60.0,,
DE,2019,18075724000.0,-2.90884550804786,3483896000.0,330386.0,155.52,5,0,0,0,0,3,0,3,155.52,0.0,0.0,0.0,0.0,82.01,0.0,82.01,1,1,1,0,0,2,1,60.0,,
ES,1992,54373565.0,-0.23487426160726482,0.0,324.0,0.0,0,0,0,0,0,0,0,0,0.0,0.0,0.0,0.0,0.0,0.0,0.0,0.0,0,0,0,0,0,0,0,,,
ES,1996,68803866.0,-0.23487426160726482,0.0,0.0,0.0,0,0,0,0,0,0,0,0,0.0,0.0,0.0,0.0,0.0,0.0,0.0,0.0,0,0,0,0,0,0,0,,,
ES,1997,75523181.0,-0.23487426160726482,0.0,311.0,0.0,0,0,0,0,0,0,0,0,0.0,0.0,0.0,0.0,0.0,0.0,0.0,0.0,0,0,0,0,0,0,0,,,
ES,1998,88252617.0,-0.23487426160726482,0.0,311.0,0.0,0,0,0,0,0,0,0,0,0.0,0.0,0.0,0.0,0.0,0.0,0.0,0.0,0,0,0,0,0,0,0,,,
ES,1999,135263237.0,-0.46974852321452965,0.0,317.0,0.0,0,0,0,0,0,0,0,0,0.0,0.0,0.0,0.0,0.0,0.0,0.0,0.0,0,0,0,0,0,0,0,,,
ES,2000,211124602.0,-0.46974852321452965,0.0,2033.0,0.0,0,0,0,0,0,0,0,0,0.0,0.0,0.0,0.0,0.0,0.0,0.0,0.0,0,0,0,0,0,0,0,,,
ES,2001,233219000.0,7.5143309087862615,102406000.0,3193.0,0.0,0,0,0,0,0,0,0,0,0.0,0.0,0.0,0.0,0.0,0.0,0.0,0.0,0,0,0,0,0,0,0,,,
ES,2002,196759000.0,8.916794821666173,118456000.0,4384.0,0.0,0,0,0,0,0,0,0,0,0.0,0.0,0.0,0.0,0.0,0.0,0.0,0.0,0,0,0,0,0,0,0,,,
ES,2003,198253000.0,-0.8791664943110494,3800000.0,5755.0,80.78,2,1,0,0,0,3,0,3,74.8,5.98,0.0,0.0,0.0,80.78,0.0,80.78,0,3,0,0,0,3,0,,,
ES,2004,10486496000.0,-3.535374719628325,2600000.0,137477.0,210.0,3,0,0,0,0,3,0,3,210.0,0.0,0.0,0.0,0.0,210.0,0.0,210.0,0,1,1,1,0,2,1,,,
ES,2005,14941011000.0,-3.8599405475681294,4871000.0,148270.0,14.5,4,0,0,0,0,4,0,4,14.5,0.0,0.0,0.0,0.0,14.5,0.0,14.5,0,0,4,0,0,4,0,,,
ES,2006,22937014000.0,-3.9625372423695335,164417000.0,185696.0,10808.26,6,2,0,0,0,8,0,8,9375.26,1433.0,0.0,0.0,0.0,10808.26,0.0,10808.26,4,2,1,0,1,7,1,53.333333333333,,
ES,2007,22025767000.0,-6.480015336646517,165318000.0,217250.0,2016.1,20,0,0,0,0,20,0,20,2016.1,0.0,0.0,0.0,0.0,2016.1,0.0,2016.1,3,6,0,0,11,9,11,53.333333333333,,
ES,2008,19089187000.0,-3.3563160621228305,132640000.0,194970.0,376.42,3,0,0,0,0,3,0,3,376.42,0.0,0.0,0.0,0.0,376.42,0.0,376.42,0,2,1,0,0,3,0,53.333333333333,,
ES,2009,20011816000.0,-2.898828334427654,176649000.0,203582.0,0.0,0,0,0,0,0,0,0,0,0.0,0.0,0.0,0.0,0.0,0.0,0.0,0.0,0,0,0,0,0,0,0,53.333333333333,,
ES,2010,29969281000.0,-2.947871516505065,450364000.0,252962.0,1710.08,7,0,0,0,0,7,0,7,1710.08,0.0,0.0,0.0,0.0,1710.08,0.0,1710.08,0,6,1,0,0,7,0,53.333333333333,,
ES,2011,21434405000.0,-2.571360699530218,257753000.0,198373.0,4.43,1,0,0,0,0,1,0,1,4.43,0.0,0.0,0.0,0.0,4.43,0.0,4.43,0,1,0,0,0,1,0,53.333333333333,,
ES,2012,20610641000.0,-2.374557490380035,317283000.0,187493.0,0.0,0,0,0,0,0,0,0,0,0.0,0.0,0.0,0.0,0.0,0.0,0.0,0.0,0,0,0,0,0,0,0,53.333333333333,,
ES,2013,20232344000.0,-2.984324810533881,258323000.0,182354.0,0.0,0,0,0,0,0,0,0,0,0.0,0.0,0.0,0.0,0.0,0.0,0.0,0.0,0,0,0,0,0,0,0,53.333333333333,,
ES,2014,16395113000.0,-2.9204435011390704,250911000.0,153119.0,0.0,0,0,0,0,0,0,0,0,0.0,0.0,0.0,0.0,0.0,0.0,0.0,0.0,0,0,0,0,0,0,0,68.0,,
ES,2015,17452898000.0,-2.8962463852599494,266691000.0,154480.0,0.0,0,0,0,0,0,0,0,0,0.0,0.0,0.0,0.0,0.0,0.0,0.0,0.0,0,0,0,0,0,0,0,68.0,,
ES,2016,18253633000.0,-3.160801518871671,227447000.0,154080.0,0.0,0,0,0,0,0,0,0,0,0.0,0.0,0.0,0.0,0.0,0.0,0.0,0.0,0,0,0,0,0,0,0,70.0,Spain strengthened minority investor protections by requiring that major sales of company assets be subject to shareholder approval.,True
ES,2017,16294535000.0,-2.7978447806848576,411349000.0,170894.0,0.0,0,0,0,0,0,0,0,0,0.0,0.0,0.0,0.0,0.0,0.0,0.0,0.0,0,0,0,0,0,0,0,70.0,,
ES,2018,19317896000.0,-2.9881954256006087,175594000.0,171384.0,0.0,0,0,0,0,0,0,0,0,0.0,0.0,0.0,0.0,0.0,0.0,0.0,0.0,0,0,0,0,0,0,0,70.0,,
ES,2019,22027812000.0,-2.9607720276042717,207936000.0,174244.0,4.51,1,0,0,0,0,1,0,1,4.51,0.0,0.0,0.0,0.0,4.51,0.0,4.51,1,0,0,0,0,1,0,70.0,,
FI,1999,1401000.0,-0.23487426160726482,0.0,210.0,0.0,0,0,0,0,0,0,0,0,0.0,0.0,0.0,0.0,0.0,0.0,0.0,0.0,0,0,0,0,0,0,0,,,
FI,2000,5817300.0,-0.46974852321452965,0.0,575.0,0.0,0,0,0,0,0,0,0,0,0.0,0.0,0.0,0.0,0.0,0.0,0.0,0.0,0,0,0,0,0,0,0,,,
FI,2001,-25557000.0,-0.46974852321452965,0.0,779.0,0.0,0,0,0,0,0,0,0,0,0.0,0.0,0.0,0.0,0.0,0.0,0.0,0.0,0,0,0,0,0,0,0,,,
FI,2002,646243000.0,-0.07162715689792398,182000000.0,36337.0,0.0,0,0,0,0,0,0,0,0,0.0,0.0,0.0,0.0,0.0,0.0,0.0,0.0,0,0,0,0,0,0,0,,,
FI,2003,740114000.0,-1.0804892688471297,142300000.0,37309.0,0.0,1,0,0,0,0,1,0,1,0.0,0.0,0.0,0.0,0.0,0.0,0.0,0.0,1,0,0,0,0,1,0,,,
FI,2004,981644000.0,-1.9561050058813785,96000000.0,33011.0,0.0,0,0,0,0,0,0,0,0,0.0,0.0,0.0,0.0,0.0,0.0,0.0,0.0,0,0,0,0,0,0,0,,,
FI,2005,1001641000.0,-1.9786889807018913,100100000.0,33366.0,3.31,2,0,0,0,1,2,1,3,1.06,0.0,0.0,0.0,2.25,1.06,2.25,3.31,0,0,0,2,1,0,3,,,
FI,2006,1180961000.0,-1.9099682481312563,95700000.0,32810.0,0.0,0,0,0,0,0,0,0,0,0.0,0.0,0.0,0.0,0.0,0.0,0.0,0.0,0,0,0,0,0,0,0,56.666666666667,,
FI,2007,1471307000.0,-1.6567051019297914,117811000.0,36244.0,0.0,0,0,0,0,0,0,0,0,0.0,0.0,0.0,0.0,0.0,0.0,0.0,0.0,0,0,0,0,0,0,0,56.666666666667,,
FI,2008,1966577000.0,-1.6373474092264946,141947000.0,41797.0,51.8,3,0,0,0,0,3,0,3,51.8,0.0,0.0,0.0,0.0,51.8,0.0,51.8,2,1,0,0,0,3,0,56.666666666667,,
FI,2009,1144682000.0,-1.2047011303599502,110510000.0,36420.0,53.42,4,1,0,0,0,5,0,5,17.79,35.63,0.0,0.0,0.0,53.42,0.0,53.42,3,0,1,1,0,4,1,56.666666666667,,
FI,2010,1316467000.0,-1.2250276311723434,115200000.0,38745.0,54.04,2,0,0,0,0,2,0,2,54.04,0.0,0.0,0.0,0.0,54.04,0.0,54.04,1,0,1,0,0,1,1,56.666666666667,,
FI,2011,1514847000.0,-1.50829612453785,122170000.0,40711.0,0.0,1,0,0,0,0,1,0,1,0.0,0.0,0.0,0.0,0.0,0.0,0.0,0.0,0,1,0,0,0,1,0,56.666666666667,,
FI,2012,1516865000.0,-1.3615002882045166,125424000.0,40225.0,0.0,0,0,0,0,0,0,0,0,0.0,0.0,0.0,0.0,0.0,0.0,0.0,0.0,0,0,0,0,0,0,0,56.666666666667,,
FI,2013,1107734000.0,-1.2679381068052493,69236000.0,40690.0,0.0,0,0,0,0,0,0,0,0,0.0,0.0,0.0,0.0,0.0,0.0,0.0,0.0,0,0,0,0,0,0,0,56.666666666667,,
FI,2014,1178067000.0,-0.37651543434450485,77169000.0,24857.0,0.0,0,0,0,0,0,0,0,0,0.0,0.0,0.0,0.0,0.0,0.0,0.0,0.0,0,0,0,0,0,0,0,62.0,,
FI,2015,1160214000.0,-0.26779065046825345,57092000.0,22534.0,2.94,0,0,0,0,1,0,1,1,0.0,0.0,0.0,0.0,2.94,0.0,2.94,2.94,0,0,0,0,1,0,1,62.0,,
FI,2016,1114213000.0,0.3203615029741761,51779000.0,22634.0,1.16,1,0,0,0,0,1,0,1,1.16,0.0,0.0,0.0,0.0,1.16,0.0,1.16,1,0,0,0,0,1,0,62.0,,
FI,2017,1167196000.0,-1.5637872534800357,41800000.0,24805.0,0.0,0,0,0,0,0,0,0,0,0.0,0.0,0.0,0.0,0.0,0.0,0.0,0.0,0,0,0,0,0,0,0,62.0,,
FI,2018,1350106000.0,-1.525071868073442,52000000.0,24962.0,0.0,0,0,0,0,0,0,0,0,0.0,0.0,0.0,0.0,0.0,0.0,0.0,0.0,0,0,0,0,0,0,0,62.0,,
FI,2019,1521749000.0,-1.6654151401723432,30488000.0,28195.0,0.0,0,0,0,0,0,0,0,0,0.0,0.0,0.0,0.0,0.0,0.0,0.0,0.0,0,0,0,0,0,0,0,62.0,,
FR,1998,4424528.0,-0.23487426160726482,0.0,638.0,0.0,0,0,0,0,0,0,0,0,0.0,0.0,0.0,0.0,0.0,0.0,0.0,0.0,0,0,0,0,0,0,0,,,
FR,1999,8405124.0,-0.23487426160726482,0.0,866.0,0.0,0,0,0,0,0,0,0,0,0.0,0.0,0.0,0.0,0.0,0.0,0.0,0.0,0,0,0,0,0,0,0,,,
FR,2000,19350354.0,-0.46974852321452965,0.0,1606.0,0.0,0,0,0,0,0,0,0,0,0.0,0.0,0.0,0.0,0.0,0.0,0.0,0.0,0,0,0,0,0,0,0,,,
FR,2001,34205000.0,-0.7046227848217945,0.0,3521.0,0.0,0,0,0,0,0,0,0,0,0.0,0.0,0.0,0.0,0.0,0.0,0.0,0.0,0,0,0,0,0,0,0,,,
FR,2002,12175372000.0,-0.7762499417197186,1297660000.0,483997.0,1904.71,0,1,0,0,0,1,0,1,0.0,1904.71,0.0,0.0,0.0,1904.71,0.0,1904.71,0,1,0,0,0,1,0,,,
FR,2003,11093450000.0,-1.8377013756534786,1454016000.0,200933.0,0.0,0,0,0,0,0,0,0,0,0.0,0.0,0.0,0.0,0.0,0.0,0.0,0.0,0,0,0,0,0,0,0,,,
FR,2004,21570073000.0,-3.095316303157568,1730648000.0,556751.0,0.0,3,0,0,0,0,3,0,3,0.0,0.0,0.0,0.0,0.0,0.0,0.0,0.0,2,0,1,0,0,2,1,,,
FR,2005,23949071000.0,-4.0590104654657475,1896518000.0,666992.0,178.86,2,0,1,1,0,3,1,4,0.0,0.0,1.01,176.84,0.0,1.01,176.84,177.85,1,1,1,1,0,3,1,,,
FR,2006,22188273000.0,5.761147966390595,1875033000.0,655349.0,193.9,2,0,0,0,0,2,0,2,193.9,0.0,0.0,0.0,0.0,193.9,0.0,193.9,1,0,0,0,1,1,1,53.333333333333,,
FR,2007,23882693000.0,5.47723514007558,1852151000.0,717661.0,104.30999999999999,4,1,0,0,0,5,0,5,98.94,5.37,0.0,0.0,0.0,104.30999999999999,0.0,104.30999999999999,2,2,0,1,0,4,1,53.333333333333,,
FR,2008,22796397000.0,8.00180089679719,2128932000.0,739507.0,0.35,1,1,0,0,0,2,0,2,0.35,0.0,0.0,0.0,0.0,0.35,0.0,0.35,0,2,0,0,0,2,0,53.333333333333,,
FR,2009,22426803000.0,9.971446129357629,2137948000.0,727789.0,0.0,0,0,0,0,0,0,0,0,0.0,0.0,0.0,0.0,0.0,0.0,0.0,0.0,0,0,0,0,0,0,0,53.333333333333,,
FR,2010,28702699000.0,8.56188531929377,2426846000.0,802689.0,0.0,0,0,0,0,0,0,0,0,0.0,0.0,0.0,0.0,0.0,0.0,0.0,0.0,0,0,0,0,0,0,0,53.333333333333,,
FR,2011,28483148000.0,8.404766303659278,2612205000.0,900982.0,0.0,0,0,0,0,0,0,0,0,0.0,0.0,0.0,0.0,0.0,0.0,0.0,0.0,0,0,0,0,0,0,0,53.333333333333,,
FR,2012,28942335000.0,7.355255807454944,1892073000.0,1094183.0,0.6,1,0,0,0,0,1,0,1,0.6,0.0,0.0,0.0,0.0,0.6,0.0,0.6,0,1,0,0,0,1,0,53.333333333333,,
FR,2013,25766143000.0,7.962765653600671,2671099000.0,1095810.0,4.3,0,0,0,1,0,0,1,1,0.0,0.0,0.0,4.3,0.0,0.0,4.3,4.3,0,0,0,1,0,0,1,53.333333333333,,
FR,2014,22786421000.0,9.128422306024783,2785006000.0,756676.0,158.37,0,1,0,0,0,1,0,1,0.0,158.37,0.0,0.0,0.0,158.37,0.0,158.37,0,1,0,0,0,1,0,68.0,,
FR,2015,29685362000.0,9.531702953307141,2998606000.0,1138417.0,2939.7200000000003,7,0,0,0,0,7,0,7,2939.7200000000003,0.0,0.0,0.0,0.0,2939.7200000000003,0.0,2939.7200000000003,1,3,0,1,2,4,3,68.0,,
FR,2016,15552780000.0,9.384267401393954,3287629000.0,320100.0,38.56,1,0,0,0,0,1,0,1,38.56,0.0,0.0,0.0,0.0,38.56,0.0,38.56,0,0,0,1,0,0,1,68.0,,
FR,2017,27162385000.0,1.6499049756874853,3900950000.0,594367.0,157.4,0,1,0,0,0,1,0,1,0.0,157.4,0.0,0.0,0.0,157.4,0.0,157.4,0,1,0,0,0,1,0,68.0,,
GB,1995,42823706.0,-0.7046227848217945,0.0,351.0,0.0,0,0,0,0,0,0,0,0,0.0,0.0,0.0,0.0,0.0,0.0,0.0,0.0,0,0,0,0,0,0,0,,,
GB,1996,53330086.0,-1.174371308036324,0.0,9642.0,0.0,0,0,0,0,0,0,0,0,0.0,0.0,0.0,0.0,0.0,0.0,0.0,0.0,0,0,0,0,0,0,0,,,
GB,1997,131708675.0,-1.409245569643589,0.0,11312.0,137.1,0,0,0,1,0,0,1,1,0.0,0.0,0.0,137.1,0.0,0.0,137.1,137.1,0,0,0,0,1,0,1,,,
GB,1998,134803080.0,-1.6441198312508538,0.0,15019.0,0.0,0,0,0,0,0,0,0,0,0.0,0.0,0.0,0.0,0.0,0.0,0.0,0.0,0,0,0,0,0,0,0,,,
GB,1999,193831233.0,-1.6441198312508538,0.0,15377.0,0.0,0,0,0,0,0,0,0,0,0.0,0.0,0.0,0.0,0.0,0.0,0.0,0.0,0,0,0,0,0,0,0,,,
GB,2000,112741139.0,-2.348742616072648,0.0,14667.0,5.35,1,0,0,0,0,1,0,1,5.35,0.0,0.0,0.0,0.0,5.35,0.0,5.35,0,1,0,0,0,1,0,,,
GB,2001,119258175.0,-0.6062304149860185,1252356.0,13607.0,18.91,2,0,0,0,0,2,0,2,18.91,0.0,0.0,0.0,0.0,18.91,0.0,18.91,2,0,0,0,0,2,0,,,
GB,2002,88342382.0,-0.8198093676717941,1483156.0,6879.0,11.89,2,0,0,0,0,2,0,2,11.89,0.0,0.0,0.0,0.0,11.89,0.0,11.89,1,1,0,0,0,2,0,,,
GB,2003,147236815.0,0.543939159801527,3363221.0,6071.0,0.0,0,0,0,0,0,0,0,0,0.0,0.0,0.0,0.0,0.0,0.0,0.0,0.0,0,0,0,0,0,0,0,,,
GB,2004,2969494547.0,3.5011327259110505,4285692.0,52942.0,0.0,0,0,0,0,0,0,0,0,0.0,0.0,0.0,0.0,0.0,0.0,0.0,0.0,0,0,0,0,0,0,0,,,
GB,2005,3991746666.0,4.717436466731867,1634731.0,76130.0,7.1,2,0,0,0,0,2,0,2,7.1,0.0,0.0,0.0,0.0,7.1,0.0,7.1,0,2,0,0,0,2,0,,,
GB,2006,4689346533.0,-8.209631644003597,1612181.0,155830.0,1390.93,1,1,0,0,0,2,0,2,6.28,1384.65,0.0,0.0,0.0,1390.93,0.0,1390.93,0,1,0,1,0,1,1,80.0,,
GB,2007,4092430418.0,-3.0178993844533557,1619305.0,148180.0,1.7799999999999998,2,0,0,0,0,2,0,2,1.7799999999999998,0.0,0.0,0.0,0.0,1.7799999999999998,0.0,1.7799999999999998,2,0,0,0,0,2,0,80.0,,
GB,2008,9376576673.0,-0.28330543232276784,5363183.0,189357.0,1313.2800000000002,5,0,0,0,0,5,0,5,1313.2800000000002,0.0,0.0,0.0,0.0,1313.2800000000002,0.0,1313.2800000000002,0,0,4,1,0,3,2,80.0,,
GB,2009,3206268800.0,-1.6083339570198392,4197701.0,170008.0,12.82,3,1,0,0,0,4,0,4,5.33,7.49,0.0,0.0,0.0,12.82,0.0,12.82,3,1,0,0,0,4,0,80.0,,
GB,2010,5278404564.0,-4.086114005672158,3277622.0,164857.0,0.0,0,0,0,0,0,0,0,0,0.0,0.0,0.0,0.0,0.0,0.0,0.0,0.0,0,0,0,0,0,0,0,80.0,,
GB,2011,5471113132.0,4.81035893255128,2705902.0,149013.0,11.24,2,1,0,0,0,3,0,3,7.609999999999999,3.63,0.0,0.0,0.0,11.24,0.0,11.24,2,1,0,0,0,3,0,80.0,,
GB,2012,3504688783.0,7.984051727782845,9236479.0,135551.0,3.38,0,0,1,0,0,0,1,1,0.0,0.0,3.38,0.0,0.0,0.0,3.38,3.38,0,0,1,0,0,0,1,80.0,,
GB,2013,4863221827.0,-3.2669628230588494,22812506.0,163774.0,6.18,0,1,0,0,0,1,0,1,0.0,6.18,0.0,0.0,0.0,6.18,0.0,6.18,0,1,0,0,0,1,0,80.0,,
GB,2014,3099212829.0,-1.2579532547726475,3086469.0,141394.0,55.88,1,0,0,0,0,1,0,1,55.88,0.0,0.0,0.0,0.0,55.88,0.0,55.88,1,0,0,0,0,1,0,84.0,,
GB,2015,3440405662.0,-3.312450630489802,20825492.0,152088.0,17.6,2,0,0,0,0,2,0,2,17.6,0.0,0.0,0.0,0.0,17.6,0.0,17.6,1,1,0,0,0,2,0,84.0,,
GB,2016,2469139914.0,-6.669397173453171,9103086.0,162598.0,6.18,2,0,0,0,0,2,0,2,6.18,0.0,0.0,0.0,0.0,6.18,0.0,6.18,1,1,0,0,0,2,0,84.0,,
GB,2017,1867964241.0,-4.880094646927592,42135452.0,97105.0,148.57,4,0,0,0,0,3,0,3,148.57,0.0,0.0,0.0,0.0,77.68,0.0,77.68,3,0,0,0,0,3,0,84.0,,
ID,2003,1210000.0,-0.23487426160726482,0.0,595.0,0.0,0,0,0,0,0,0,0,0,0.0,0.0,0.0,0.0,0.0,0.0,0.0,0.0,0,0,0,0,0,0,0,,,
ID,2004,71698000.0,-2.1138683544653833,0.0,7611.0,0.0,0,0,0,0,0,0,0,0,0.0,0.0,0.0,0.0,0.0,0.0,0.0,0.0,0,0,0,0,0,0,0,,,
ID,2005,104137000.0,-2.348742616072648,0.0,9227.0,30.39,0,0,1,0,0,1,0,1,0.0,0.0,30.39,0.0,0.0,30.39,0.0,30.39,0,0,1,0,0,1,0,,,
ID,2006,142571000.0,-2.348742616072648,0.0,10962.0,0.0,1,0,0,0,0,1,0,1,0.0,0.0,0.0,0.0,0.0,0.0,0.0,0.0,0,0,0,0,1,0,1,56.666666666667,,
ID,2007,233621000.0,-2.348742616072648,0.0,9722.0,0.0,0,0,0,0,0,0,0,0,0.0,0.0,0.0,0.0,0.0,0.0,0.0,0.0,0,0,0,0,0,0,0,56.666666666667,,
ID,2008,146213276.0,-2.818491139287178,0.0,11524.0,0.0,0,0,0,0,0,0,0,0,0.0,0.0,0.0,0.0,0.0,0.0,0.0,0.0,0,0,0,0,0,0,0,56.666666666667,Indonesia strengthened investor protections by expanding the already extensive disclosure requirements for companies listed on the stock exchange.,True
ID,2009,187423337.0,-2.818491139287178,0.0,9805.0,0.0,0,0,0,0,0,0,0,0,0.0,0.0,0.0,0.0,0.0,0.0,0.0,0.0,0,0,0,0,0,0,0,56.666666666667,,
ID,2010,414380457.0,-3.053365400894443,0.0,11617.0,1.38,1,0,0,0,0,1,0,1,1.38,0.0,0.0,0.0,0.0,1.38,0.0,1.38,0,1,0,0,0,1,0,60.0,Indonesia strengthened investor protections by increasing disclosure requirements for related-party transactions.,True
ID,2011,559724389.0,-3.992862447323502,0.0,12096.0,0.7,2,1,2,0,0,3,2,5,0.08,0.18,0.44,0.0,0.0,0.26,0.44,0.7,0,1,2,0,2,2,3,60.0,,
ID,2012,772122925.0,-3.5231139241089724,0.0,33532.0,58.769999999999996,2,1,0,0,0,3,0,3,58.25,0.52,0.0,0.0,0.0,58.769999999999996,0.0,58.769999999999996,1,0,1,1,0,1,2,60.0,,
ID,2013,1036807446.0,-3.757988185716237,0.0,52515.0,330.03000000000003,2,1,0,0,0,3,0,3,315.93,14.1,0.0,0.0,0.0,330.03000000000003,0.0,330.03000000000003,0,3,0,0,0,3,0,60.0,,
ID,2014,899362623.0,-3.5231139241089724,0.0,39110.0,130.82999999999998,1,0,1,0,0,1,1,2,3.53,0.0,127.3,0.0,0.0,3.53,127.3,130.82999999999998,0,0,0,2,0,0,2,60.0,,
ID,2015,853467141.0,-3.5231139241089724,0.0,38183.0,9.33,1,0,0,0,0,1,0,1,9.33,0.0,0.0,0.0,0.0,9.33,0.0,9.33,0,0,0,1,0,0,1,60.0,,
ID,2016,931319116.0,-3.4731065512921226,67725.0,42906.0,0.0,0,0,0,0,0,0,0,0,0.0,0.0,0.0,0.0,0.0,0.0,0.0,0.0,0,0,0,0,0,0,0,64.0,,
ID,2017,1181910304.0,-3.9234973818033554,71377.0,46927.0,148.72,4,1,0,0,1,5,1,6,31.840000000000003,1.51,0.0,0.0,115.37,33.35,115.37,148.72,0,0,1,2,3,0,6,64.0,,
IN,1998,192024595.0,-0.46652224109731355,1957.0,0.0,0.0,0,0,0,0,0,0,0,0,0.0,0.0,0.0,0.0,0.0,0.0,0.0,0.0,0,0,0,0,0,0,0,,,
IN,1999,70695685.0,-0.46006967686288125,6587.0,0.0,0.0,0,0,0,0,0,0,0,0,0.0,0.0,0.0,0.0,0.0,0.0,0.0,0.0,0,0,0,0,0,0,0,,,
IN,2000,90003312.0,-0.7046227848217945,0.0,0.0,0.0,0,0,0,0,0,0,0,0,0.0,0.0,0.0,0.0,0.0,0.0,0.0,0.0,0,0,0,0,0,0,0,,,
IN,2001,156351402.0,-0.9249787769015867,7404.0,0.0,0.0,0,0,0,0,0,0,0,0,0.0,0.0,0.0,0.0,0.0,0.0,0.0,0.0,0,0,0,0,0,0,0,,,
IN,2002,49486693.0,-1.1114588067506097,18157.0,0.0,0.0,0,0,0,0,0,0,0,0,0.0,0.0,0.0,0.0,0.0,0.0,0.0,0.0,0,0,0,0,0,0,0,,,
IN,2003,174947434.0,-0.1435834063250906,11385730.0,0.0,27.11,0,0,1,1,1,0,3,3,0.0,0.0,19.58,7.49,0.04,0.0,27.11,27.11,0,0,0,2,1,0,3,,,
IN,2004,385569487.0,1.6305288135055562,15684184.0,23.0,0.0,0,0,0,0,0,0,0,0,0.0,0.0,0.0,0.0,0.0,0.0,0.0,0.0,0,0,0,0,0,0,0,,,
IN,2005,724765256.0,-11.236551689750115,18396217.0,17.0,79.05,1,0,0,0,0,1,0,1,79.05,0.0,0.0,0.0,0.0,79.05,0.0,79.05,0,0,1,0,0,1,0,,,
IN,2006,1369052746.0,-12.524167347048587,31954501.0,629.0,59.08,6,2,0,0,0,8,0,8,54.34,4.74,0.0,0.0,0.0,59.08,0.0,59.08,4,3,1,0,0,8,0,56.666666666667,,
IN,2007,1248270657.0,-13.500446780035706,60968785.0,8210.0,1.6099999999999999,2,1,0,0,0,3,0,3,0.14,1.47,0.0,0.0,0.0,1.6099999999999999,0.0,1.6099999999999999,2,1,0,0,0,3,0,56.666666666667,,
IN,2008,1198387476.0,-16.739638643090345,40575041.0,16218.0,127.52,6,2,0,2,0,8,2,10,37.17,71.11,0.0,19.24,0.0,108.28,19.24,127.52,1,3,2,2,2,6,4,56.666666666667,,
IN,2009,1374072407.0,-17.66687027663039,10792067.0,15255.0,105.59,1,1,0,1,0,2,1,3,8.77,44.01,0.0,52.81,0.0,52.78,52.81,105.59,0,1,1,0,1,2,1,56.666666666667,,
IN,2010,1718882073.0,-16.726089181671966,69428203.0,16316.0,42.99,3,0,1,0,1,4,1,5,5.94,0.0,26.73,0.0,10.32,32.67,10.32,42.99,1,0,0,0,4,1,4,56.666666666667,,
IN,2011,3202018622.0,-16.50187642663442,101842427.0,19796.0,228.99,16,0,0,0,0,16,0,16,228.99,0.0,0.0,0.0,0.0,228.99,0.0,228.99,3,3,5,5,0,9,7,60.0,,
IN,2012,2442510965.0,-4.662060772031128,166547287.0,139332.0,1.34,4,1,0,0,0,5,0,5,1.12,0.22,0.0,0.0,0.0,1.34,0.0,1.34,2,1,1,0,1,4,1,60.0,,
IN,2013,3384479250.0,-1.1050847378003619,222110701.0,132074.0,33.09,2,1,1,0,0,4,0,4,3.09,6.84,23.16,0.0,0.0,33.09,0.0,33.09,1,1,1,0,1,3,1,60.0,,
IN,2014,2840874388.0,-0.5404899846571987,129092401.0,134489.0,92.24,8,2,0,0,1,10,1,11,82.7,2.61,0.0,0.0,6.93,85.31,6.93,92.24,2,3,1,3,2,6,5,70.0,,
IN,2015,4016673126.0,-18.79124806395884,208612343.0,162680.0,92.47,10,2,1,0,0,12,0,12,50.2,33.39,8.88,0.0,0.0,92.37,0.0,92.37,2,4,1,3,2,7,5,76.0,"India strengthened minority investor protections by requiring greater disclosure of conflicts of interest by board members, increasing the remedies available in case of prejudicial related-party transactions and introducing additional safeguards for shareholders of privately held companies. This reform applies to both Delhi and Mumbai.",True
IN,2016,4023280934.0,-18.811569947401576,232523291.0,151715.0,52.1,8,1,0,0,0,8,0,8,40.769999999999996,11.33,0.0,0.0,0.0,52.04,0.0,52.04,2,1,2,2,1,4,4,76.0,,
IN,2017,3234686503.0,-17.3100554796274,357876331.0,172456.0,93.10000000000001,2,2,0,1,0,4,1,5,73.66000000000001,5.66,0.0,13.78,0.0,79.32000000000001,13.78,93.10000000000001,2,0,1,1,1,2,3,76.0,,
IT,2002,14116035000.0,-0.46974852321452965,0.0,107642.0,0.0,0,0,0,0,0,0,0,0,0.0,0.0,0.0,0.0,0.0,0.0,0.0,0.0,0,0,0,0,0,0,0,,,
IT,2003,28399120000.0,-0.9394970464290593,0.0,196305.0,1380.0,2,0,0,0,0,2,0,2,1380.0,0.0,0.0,0.0,0.0,1380.0,0.0,1380.0,0,2,0,0,0,2,0,,,
IT,2004,14255605000.0,-3.992862447323502,0.0,127332.0,0.0,1,0,0,0,0,1,0,1,0.0,0.0,0.0,0.0,0.0,0.0,0.0,0.0,0,0,1,0,0,1,0,,,
IT,2005,39833114000.0,-4.646833526378935,540000000.0,263464.0,655.15,8,0,0,0,0,8,0,8,655.15,0.0,0.0,0.0,0.0,655.15,0.0,655.15,3,1,4,0,0,7,1,,,
IT,2006,15138696000.0,-3.9251105228619636,133000000.0,111676.0,1.26,1,0,0,0,0,1,0,1,1.26,0.0,0.0,0.0,0.0,1.26,0.0,1.26,0,0,0,1,0,0,1,56.666666666667,,
IT,2007,14511283000.0,-3.5347303866788136,853000000.0,128193.0,0.0,0,0,0,0,0,0,0,0,0.0,0.0,0.0,0.0,0.0,0.0,0.0,0.0,0,0,0,0,0,0,0,56.666666666667,,
IT,2008,14346878000.0,-3.6008691700817437,721000000.0,132234.0,149.81,1,0,0,0,0,1,0,1,149.81,0.0,0.0,0.0,0.0,149.81,0.0,149.81,0,0,1,0,0,1,0,56.666666666667,,
IT,2009,14199098000.0,-3.9399532675490208,859000000.0,127061.0,0.0,0,0,0,0,0,0,0,0,0.0,0.0,0.0,0.0,0.0,0.0,0.0,0.0,0,0,0,0,0,0,0,56.666666666667,,
IT,2010,14797381000.0,-3.984476884240535,714666000.0,141332.0,0.0,0,0,0,0,0,0,0,0,0.0,0.0,0.0,0.0,0.0,0.0,0.0,0.0,0,0,0,0,0,0,0,56.666666666667,,
IT,2011,16016217000.0,-4.052228808702073,627583000.0,137358.0,0.0,0,0,0,0,0,0,0,0,0.0,0.0,0.0,0.0,0.0,0.0,0.0,0.0,0,0,0,0,0,0,0,56.666666666667,,
IT,2012,15452195000.0,-4.107075604694747,621298000.0,144070.0,1.19,1,0,0,0,0,1,0,1,1.19,0.0,0.0,0.0,0.0,1.19,0.0,1.19,1,0,0,0,0,1,0,56.666666666667,,
IT,2013,11624463000.0,-3.5479599903072625,995688000.0,131536.0,0.0,0,0,0,0,0,0,0,0,0.0,0.0,0.0,0.0,0.0,0.0,0.0,0.0,0,0,0,0,0,0,0,56.666666666667,,
IT,2014,11234596000.0,-3.14531905860476,1134453000.0,127712.0,84.27,3,0,0,1,0,3,1,4,59.52,0.0,0.0,24.75,0.0,59.52,24.75,84.27,3,0,0,1,0,3,1,66.0,,
IT,2015,8833723000.0,-2.112584305936018,1740139000.0,124497.0,0.0,0,0,0,0,0,0,0,0,0.0,0.0,0.0,0.0,0.0,0.0,0.0,0.0,0,0,0,0,0,0,0,66.0,,
IT,2016,10518321000.0,-1.3837644052351026,1755857000.0,113431.0,15.42,1,0,0,0,0,1,0,1,15.42,0.0,0.0,0.0,0.0,15.42,0.0,15.42,1,0,0,0,0,1,0,66.0,,
IT,2017,10072113000.0,-0.8517477136843703,1947000000.0,102982.0,0.0,0,0,0,0,0,0,0,0,0.0,0.0,0.0,0.0,0.0,0.0,0.0,0.0,0,0,0,0,0,0,0,66.0,,
JP,1990,88435326.0,-0.424580573573504,5889728.0,4892.0,0.0,0,0,0,0,0,0,0,0,0.0,0.0,0.0,0.0,0.0,0.0,0.0,0.0,0,0,0,0,0,0,0,,,
JP,1991,143096871.0,-0.1897063119662392,8759380.0,5068.0,0.0,0,0,0,0,0,0,0,0,0.0,0.0,0.0,0.0,0.0,0.0,0.0,0.0,0,0,0,0,0,0,0,,,
JP,1992,175191399.0,-0.1897063119662392,10096670.0,5320.0,0.0,0,0,0,0,0,0,0,0,0.0,0.0,0.0,0.0,0.0,0.0,0.0,0.0,0,0,0,0,0,0,0,,,
JP,1993,149836362.0,-0.6546154120049447,14397645.0,5827.0,0.0,0,0,0,0,0,0,0,0,0.0,0.0,0.0,0.0,0.0,0.0,0.0,0.0,0,0,0,0,0,0,0,,,
JP,1994,234870917.0,-0.4294199967493282,13446834.0,5694.0,0.0,0,0,0,0,0,0,0,0,0.0,0.0,0.0,0.0,0.0,0.0,0.0,0.0,0,0,0,0,0,0,0,,,
JP,1995,240109632.0,-0.42780685569072013,14157126.0,5596.0,0.0,0,0,0,0,0,0,0,0,0.0,0.0,0.0,0.0,0.0,0.0,0.0,0.0,0,0,0,0,0,0,0,,,
JP,1996,192549759.0,-0.4358725609837604,10868795.0,5348.0,0.0,0,0,0,0,0,0,0,0,0.0,0.0,0.0,0.0,0.0,0.0,0.0,0.0,0,0,0,0,0,0,0,,,
JP,1997,127226276.0,-0.6675205404738092,9283529.0,5070.0,0.0,0,0,0,0,0,0,0,0,0.0,0.0,0.0,0.0,0.0,0.0,0.0,0.0,0,0,0,0,0,0,0,,,
JP,1998,108308120.0,-1.138882204746947,7600647.0,4635.0,0.0,0,0,0,0,0,0,0,0,0.0,0.0,0.0,0.0,0.0,0.0,0.0,0.0,0,0,0,0,0,0,0,,,
JP,1999,192604961.0,-1.6070175869028684,7120921.0,9663.0,0.0,0,0,0,0,0,0,0,0,0.0,0.0,0.0,0.0,0.0,0.0,0.0,0.0,0,0,0,0,0,0,0,,,
JP,2000,257843901.0,-1.6150832921959086,7792825.0,12781.0,0.0,0,0,0,0,0,0,0,0,0.0,0.0,0.0,0.0,0.0,0.0,0.0,0.0,0,0,0,0,0,0,0,,,
JP,2001,373809015.0,-3.626679427019473,19483079.0,10470.0,0.0,0,0,0,1,0,0,1,1,0.0,0.0,0.0,0.0,0.0,0.0,0.0,0.0,0,0,0,1,0,0,1,,,
JP,2002,224515664.0,-3.159202229922036,12767141.0,16080.0,0.0,0,0,0,0,0,0,0,0,0.0,0.0,0.0,0.0,0.0,0.0,0.0,0.0,0,0,0,0,0,0,0,,,
JP,2003,1806809758.0,13.661645451655065,167151653.0,41482.0,145.87,1,1,1,2,0,2,3,5,2.41,0.0,11.58,120.30000000000001,0.0,2.41,131.88,134.29000000000002,0,1,1,2,1,1,4,,,
JP,2004,3825992273.0,28.037624856071176,180449387.0,77194.0,55.02,1,0,1,0,0,1,1,2,0.0,0.0,55.02,0.0,0.0,0.0,55.02,55.02,1,0,1,0,0,1,1,,,
JP,2005,6606046769.0,4.242167248434741,274785336.0,105047.0,850.55,8,4,2,1,0,11,2,13,247.6,12.99,589.96,0.0,0.0,263.34999999999997,582.64,845.9899999999999,3,5,1,4,0,9,4,,,
JP,2006,5593354378.0,4.3928198477258285,207088766.0,108553.0,164.41,3,2,1,0,0,6,0,6,31.22,60.870000000000005,72.32,0.0,0.0,164.41,0.0,164.41,1,3,1,0,1,5,1,70.0,,
JP,2007,40023447811.0,15.800189029641398,11142620229.0,1386003.0,968.6700000000001,11,7,4,1,0,18,3,21,269.06,358.7,205.05,100.1,0.0,636.63,172.82999999999998,809.46,6,7,4,3,1,15,6,70.0,,
JP,2008,48839778101.0,16.108595742777176,11407931231.0,1643682.0,1377.84,25,7,7,2,0,32,6,38,1008.3,155.72,85.33,55.059999999999995,0.0,889.29,111.08,1000.37,14,8,7,6,3,24,14,70.0,,
JP,2009,34900130965.0,35.183664285657876,12688720228.0,1348605.0,571.6299999999999,14,7,2,1,0,23,1,24,506.07,12.25,48.410000000000004,3.78,0.0,566.73,3.78,570.51,10,7,3,4,0,20,4,70.0,,
JP,2010,33901048782.0,2.3023749898396333,11840008785.0,1528341.0,1214.9099999999999,11,7,1,0,0,17,0,17,186.18,1017.76,9.43,0.0,0.0,1175.9299999999998,0.0,1175.9299999999998,9,5,1,0,2,14,3,70.0,,
JP,2011,44957501748.0,1.2570503491222969,13289773838.0,1490348.0,3343.5,6,3,1,1,0,9,2,11,485.14,28.990000000000002,1406.6,3.71,0.0,514.13,1410.31,1924.4399999999998,3,2,2,3,1,5,6,70.0,,
JP,2012,50543142977.0,49.7521040531688,18060774910.0,1963097.0,1642.1899999999998,23,10,1,2,2,23,4,27,69.36,137.85999999999999,3.42,281.19,328.03,184.95999999999998,609.22,794.18,9,11,1,4,2,21,6,70.0,,
JP,2013,42469977127.0,16.27523661419495,16919704941.0,1698760.0,1440.46,26,1,5,1,1,18,4,22,1270.02,13.53,121.12,2.69,0.84,786.65,18.44,805.0899999999999,11,2,4,1,4,14,8,70.0,,
JP,2014,48920756361.0,-16.277949948515662,13431314746.0,1741135.0,1826.37,29,4,2,0,0,21,1,22,1750.4,29.609999999999996,15.06,0.0,0.0,922.11,0.0,922.11,14,4,2,2,0,18,4,64.0,,
JP,2015,51579101019.0,-22.717933529638614,15109324655.0,1719645.0,245.35,3,3,4,1,0,7,3,10,23.86,29.98,84.72,17.44,0.0,100.39,45.07,145.46,0,3,4,2,1,5,5,64.0,,
JP,2016,40108671123.0,9.806540969176632,15223868849.0,1699748.0,1907.43,12,5,3,2,2,12,6,18,70.91,76.28,744.4200000000001,35.72,59.0,145.76000000000002,804.26,950.0200000000001,3,5,3,2,5,10,8,64.0,,
JP,2017,50147999064.0,-18.81638040707592,15829955029.0,1696257.0,4547.12,15,8,2,1,1,18,2,20,50.3,194.14000000000001,97.53999999999999,1938.45,4.88,316.83,1943.3300000000002,2260.1600000000003,6,8,1,4,1,15,5,64.0,,
JP,2018,4717775671.0,-4.0051232428428545,864038.0,170755.0,0.0,0,0,0,0,0,0,0,0,0.0,0.0,0.0,0.0,0.0,0.0,0.0,0.0,0,0,0,0,0,0,0,64.0,,
KR,1996,5207143.0,-0.23003483843144062,33827.0,0.0,0.0,0,0,0,0,0,0,0,0,0.0,0.0,0.0,0.0,0.0,0.0,0.0,0.0,0,0,0,0,0,0,0,,,
KR,1997,26007934.0,-0.3739288678071425,1580342.0,0.0,0.0,0,0,0,0,0,0,0,0,0.0,0.0,0.0,0.0,0.0,0.0,0.0,0.0,0,0,0,0,0,0,0,,,
KR,1998,10580903.0,-0.013873936577960842,1646560.0,0.0,0.0,0,0,0,0,0,0,0,0,0.0,0.0,0.0,0.0,0.0,0.0,0.0,0.0,0,0,0,0,0,0,0,,,
KR,1999,12839305.0,-0.07678643786367513,1448395.0,0.0,0.0,0,0,0,0,0,0,0,0,0.0,0.0,0.0,0.0,0.0,0.0,0.0,0.0,0,0,0,0,0,0,0,,,
KR,2000,30796118.0,-0.0742091060656285,4085049.0,0.0,0.0,0,0,0,0,0,0,0,0,0.0,0.0,0.0,0.0,0.0,0.0,0.0,0.0,0,0,0,0,0,0,0,,,
KR,2001,2576831551.0,-3.163388085409033,25408748.0,3180.0,0.0,0,0,0,0,0,0,0,0,0.0,0.0,0.0,0.0,0.0,0.0,0.0,0.0,0,0,0,0,0,0,0,,,
KR,2002,14942705382.0,-13.88670108653741,765475654.0,124203.0,0.0,0,0,0,0,0,0,0,0,0.0,0.0,0.0,0.0,0.0,0.0,0.0,0.0,0,0,0,0,0,0,0,,,
KR,2003,20850654204.0,-9.771281475086615,909359584.0,144142.0,354.9,8,1,1,0,0,3,1,4,299.64,55.2,0.03,0.0,0.0,130.11,0.03,130.14,0,0,2,0,2,0,4,,,
KR,2004,20245035911.0,7.755811367110203,1111839574.0,139744.0,84.69,4,0,0,0,0,2,0,2,84.69,0.0,0.0,0.0,0.0,28.75,0.0,28.75,1,0,0,0,1,1,1,,,
KR,2005,26201191547.0,48.95122506162471,1506825227.0,149674.0,2.98,0,1,0,0,0,1,0,1,0.0,2.98,0.0,0.0,0.0,2.98,0.0,2.98,0,1,0,0,0,1,0,,,
KR,2006,23721198831.0,33.447636970393276,1640085488.0,150946.0,309.88,3,1,2,0,0,4,0,4,15.059999999999999,97.48,2.38,0.0,0.0,104.88000000000001,0.0,104.88000000000001,1,0,0,2,1,1,3,60.0,,
KR,2007,18696138698.0,31.43378797893126,1316063534.0,148750.0,273.1,18,3,0,0,0,13,0,13,263.53000000000003,6.35,0.0,0.0,0.0,126.27000000000001,0.0,126.27000000000001,4,3,4,1,1,8,5,60.0,,
KR,2008,24763034095.0,32.6006778888185,1516212707.0,171038.0,2451.35,11,3,2,1,1,9,2,11,142.68,22.450000000000003,47.92,695.49,16.42,106.48,711.91,818.39,2,3,1,1,4,6,5,60.0,,
KR,2009,17428738420.0,27.798347722602998,1571179583.0,169020.0,1767.73,24,3,2,1,0,15,2,17,1557.12,89.84,7.9,10.43,0.0,864.3,16.16,880.4599999999999,4,4,0,3,6,8,9,60.0,,
KR,2010,35576888165.0,53.61497872928218,2792483277.0,183481.0,1619.1100000000001,41,2,2,1,0,16,3,19,146.47,95.47999999999999,343.65000000000003,9.53,0.0,163.08,353.18,516.26,5,1,2,5,6,6,13,60.0,,
KR,2011,20649443641.0,46.91432909909286,3116800313.0,191516.0,269.57,24,1,0,0,1,8,1,9,245.10999999999999,11.28,0.0,0.0,6.59,88.75,6.59,95.34,3,0,1,1,4,4,5,60.0,,
KR,2012,17030976310.0,92.75074961922276,3771222656.0,216186.0,237.01999999999998,28,2,1,0,0,12,0,12,230.07999999999998,5.9799999999999995,0.96,0.0,0.0,71.05,0.0,71.05,1,3,4,2,2,8,4,60.0,,
KR,2013,13099019647.0,93.46794382261452,4292691415.0,185894.0,495.3,19,3,2,3,1,13,5,18,52.480000000000004,30.09,51.45,169.9,15.41,98.18,188.13,286.31,5,3,3,4,3,10,8,66.666666666667,Korea strengthened investor protections by making it easier to sue directors in cases of prejudicial related-party transactions.,True
KR,2014,14580090052.0,135.2408758682197,4756864024.0,223360.0,2986.19,26,3,2,1,1,13,3,16,840.76,297.3,131.32999999999998,121.8,187.31,650.22,359.45,1009.67,3,4,5,0,4,9,7,70.0,,
KR,2015,15964031137.0,88.4791428612893,5002002921.0,231492.0,3770.99,14,3,2,6,0,13,6,19,198.9,86.78,178.47,819.04,0.0,373.26,819.04,1192.3,4,4,3,5,3,9,10,74.0,The Republic of Korea strengthened minority investor protections by increasing the level of transparency expected from companies on managerial compensation.,True
KR,2016,20433541615.0,121.19396338765065,5484901496.0,224956.0,2903.55,7,4,1,2,2,8,4,12,60.49,184.26999999999998,1.26,526.3,43.06,204.21,569.36,773.5699999999999,1,4,2,2,3,7,5,74.0,,
KR,2017,24410301737.0,132.4249574433609,6370570507.0,383825.0,1702.98,7,4,0,1,2,7,3,10,1014.1899999999999,178.01,0.0,3.9,62.489999999999995,433.57,66.39,499.96,0,3,4,1,2,5,5,74.0,,
KY,2004,5954000.0,-0.46974852321452965,0.0,477.0,0.0,0,0,0,0,0,0,0,0,0.0,0.0,0.0,0.0,0.0,0.0,0.0,0.0,0,0,0,0,0,0,0,,,
KY,2005,13221000.0,-0.46974852321452965,0.0,1055.0,0.0,0,0,0,0,0,0,0,0,0.0,0.0,0.0,0.0,0.0,0.0,0.0,0.0,0,0,0,0,0,0,0,,,
KY,2006,15388000.0,-0.285850442533211,404000.0,2382.0,0.0,0,0,0,0,0,0,0,0,0.0,0.0,0.0,0.0,0.0,0.0,0.0,0.0,0,0,0,0,0,0,0,,,
KY,2007,34539000.0,-0.39231775240134287,386000.0,5602.0,0.0,0,0,0,0,0,0,0,0,0.0,0.0,0.0,0.0,0.0,0.0,0.0,0.0,0,0,0,0,0,0,0,,,
KY,2008,171955334.0,0.6913885638236874,28403100.0,12539.0,1.27,1,0,0,0,0,1,0,1,1.27,0.0,0.0,0.0,0.0,1.27,0.0,1.27,0,0,0,0,1,0,1,,,
KY,2009,219993820.0,0.48555084127136755,38483200.0,13072.0,8.42,2,0,0,0,0,1,0,1,8.42,0.0,0.0,0.0,0.0,4.21,0.0,4.21,0,0,1,0,0,1,0,,,
KY,2010,216485403.0,8.992287976261169,66734971.0,28426.0,0.0,0,0,0,0,0,0,0,0,0.0,0.0,0.0,0.0,0.0,0.0,0.0,0.0,0,0,0,0,0,0,0,,,
KY,2011,151172118.0,9.913067045566786,146973835.0,56715.0,46.21,1,0,0,0,0,1,0,1,46.21,0.0,0.0,0.0,0.0,46.21,0.0,46.21,1,0,0,0,0,1,0,,,
KY,2012,159669101.0,11.448777333361656,216429906.0,72521.0,0.0,0,0,0,0,0,0,0,0,0.0,0.0,0.0,0.0,0.0,0.0,0.0,0.0,0,0,0,0,0,0,0,,,
KY,2013,358430866.0,19.849047158483327,357045501.0,97840.0,449.22,0,1,0,0,0,1,0,1,0.0,449.22,0.0,0.0,0.0,449.22,0.0,449.22,0,1,0,0,0,1,0,,,
KY,2014,-444744571.0,19.832271414947733,334726848.0,110712.0,72.92,1,0,0,0,0,1,0,1,72.92,0.0,0.0,0.0,0.0,72.92,0.0,72.92,1,0,0,0,0,1,0,,,
KY,2015,-1158875950.0,17.365134403386502,1025885544.0,153826.0,3092.62,1,0,0,0,1,1,1,2,6.94,0.0,0.0,0.0,3085.68,6.94,3085.68,3092.62,1,0,0,0,1,1,1,,,
KY,2016,524700231.0,7.22267223496813,939281006.0,180921.0,1476.34,1,0,0,0,0,1,0,1,1476.34,0.0,0.0,0.0,0.0,1476.34,0.0,1476.34,1,0,0,0,0,1,0,,,
KY,2017,1068580683.0,4.777150390118313,1091817849.0,223085.0,0.0,0,0,0,0,0,0,0,0,0.0,0.0,0.0,0.0,0.0,0.0,0.0,0.0,0,0,0,0,0,0,0,,,
MY,2002,42214000.0,-0.46974852321452965,0.0,15287.0,0.0,0,0,0,0,0,0,0,0,0.0,0.0,0.0,0.0,0.0,0.0,0.0,0.0,0,0,0,0,0,0,0,,,
MY,2003,184525883.0,-2.070313545882966,1155000.0,5997.0,0.0,0,0,0,0,0,0,0,0,0.0,0.0,0.0,0.0,0.0,0.0,0.0,0.0,0,0,0,0,0,0,0,,,
MY,2004,205119565.0,-4.407764174545358,1653400.0,26121.0,0.0,0,0,0,0,0,0,0,0,0.0,0.0,0.0,0.0,0.0,0.0,0.0,0.0,0,0,0,0,0,0,0,,,
MY,2005,297182448.0,-4.412603597721182,1328000.0,13344.0,5.54,0,1,0,0,0,1,0,1,0.0,5.54,0.0,0.0,0.0,5.54,0.0,5.54,0,0,0,1,0,0,1,,,
MY,2006,309798510.0,-5.126905228894625,980000.0,19712.0,24.450000000000003,3,0,0,0,0,3,0,3,24.450000000000003,0.0,0.0,0.0,0.0,24.450000000000003,0.0,24.450000000000003,0,1,1,1,0,2,1,86.666666666667,,
MY,2007,684345685.0,-5.976066376041633,983919.0,2316.0,6.84,4,0,0,0,0,4,0,4,6.84,0.0,0.0,0.0,0.0,6.84,0.0,6.84,0,2,2,0,0,3,1,86.666666666667,,
MY,2008,750271807.0,-5.264991026985406,1639396.0,2522.0,0.0,0,0,0,0,0,0,0,0,0.0,0.0,0.0,0.0,0.0,0.0,0.0,0.0,0,0,0,0,0,0,0,86.666666666667,,
MY,2009,564937837.0,-4.78395051636062,4117832.0,841.0,4.15,1,0,0,1,0,1,1,2,1.7,0.0,0.0,2.45,0.0,1.7,2.45,4.15,0,0,0,2,0,0,2,86.666666666667,,
MY,2010,587585174.0,-4.565207665339436,3263896.0,930.0,0.0,0,0,0,0,0,0,0,0,0.0,0.0,0.0,0.0,0.0,0.0,0.0,0.0,0,0,0,0,0,0,0,86.666666666667,,
MY,2011,671122116.0,-5.266604168044014,1169219.0,2604.0,0.85,1,0,0,0,0,1,0,1,0.85,0.0,0.0,0.0,0.0,0.85,0.0,0.85,0,1,0,0,0,1,0,86.666666666667,,
MY,2012,614092583.0,-4.803308209063917,1304170.0,2595.0,0.0,0,0,0,0,0,0,0,0,0.0,0.0,0.0,0.0,0.0,0.0,0.0,0.0,0,0,0,0,0,0,0,86.666666666667,,
MY,2013,675942553.0,-5.057540163374478,1353705.0,2748.0,16.0,1,0,0,0,1,1,1,2,0.02,0.0,0.0,0.0,15.98,0.02,15.98,16.0,0,0,0,0,2,0,2,86.666666666667,,
MY,2014,662222483.0,-4.866220710349631,1197291.0,2923.0,60.36,2,0,0,0,1,2,1,3,5.550000000000001,0.0,0.0,0.0,54.81,5.550000000000001,54.81,60.36,2,0,0,0,1,2,1,86.0,,
MY,2015,939396845.0,-5.030116765378141,1468402.0,1557.0,173.25,2,1,0,1,0,3,1,4,23.72,39.27,0.0,55.13,0.0,62.99,55.13,118.12,0,0,0,2,2,0,4,86.0,,
MY,2016,555192225.0,-4.4593846884208155,363183.0,1605.0,27.47,0,1,0,0,0,1,0,1,0.0,27.47,0.0,0.0,0.0,27.47,0.0,27.47,0,0,1,0,0,1,0,86.0,,
MY,2017,396798720.0,-4.21644472152051,1458179.0,19274.0,0.0,0,0,0,0,0,0,0,0,0.0,0.0,0.0,0.0,0.0,0.0,0.0,0.0,0,0,0,0,0,0,0,86.0,,
MY,2018,-3292464.0,-0.23487426160726482,0.0,0.0,0.0,0,0,0,0,0,0,0,0,0.0,0.0,0.0,0.0,0.0,0.0,0.0,0.0,0,0,0,0,0,0,0,88.0,Malaysia strengthened minority investor protections by requiring greater corporate transparency.,True
NL,2003,0.0,5.491776496451341,278930000.0,1046.0,0.0,0,0,0,0,0,0,0,0,0.0,0.0,0.0,0.0,0.0,0.0,0.0,0.0,0,0,0,0,0,0,0,,,
NL,2004,75527000.0,10.713189628006038,870454000.0,7409.0,0.0,0,0,0,0,0,0,0,0,0.0,0.0,0.0,0.0,0.0,0.0,0.0,0.0,0,0,0,0,0,0,0,,,
NL,2005,68243000.0,12.729615951266112,2214572000.0,7038.0,0.0,0,0,0,0,0,0,0,0,0.0,0.0,0.0,0.0,0.0,0.0,0.0,0.0,0,0,0,0,0,0,0,,,
NL,2006,83479000.0,-0.46974852321452965,0.0,5635.0,0.0,0,0,0,0,0,0,0,0,0.0,0.0,0.0,0.0,0.0,0.0,0.0,0.0,0,0,0,0,0,0,0,43.333333333333,,
NL,2007,87739000.0,-0.46974852321452965,0.0,5790.0,0.0,0,0,0,0,0,0,0,0,0.0,0.0,0.0,0.0,0.0,0.0,0.0,0.0,0,0,0,0,0,0,0,43.333333333333,,
NL,2008,72219000.0,-0.7046227848217945,0.0,6120.0,24.12,0,1,0,0,0,1,0,1,0.0,24.12,0.0,0.0,0.0,24.12,0.0,24.12,0,1,0,0,0,1,0,43.333333333333,,
NL,2009,41271000.0,-0.35360236699474945,10000000.0,5730.0,6.98,1,0,0,0,0,1,0,1,6.98,0.0,0.0,0.0,0.0,6.98,0.0,6.98,0,1,0,0,0,1,0,43.333333333333,,
NL,2010,57745000.0,-0.46974852321452965,0.0,5868.0,0.0,0,0,0,0,0,0,0,0,0.0,0.0,0.0,0.0,0.0,0.0,0.0,0.0,0,0,0,0,0,0,0,43.333333333333,,
NL,2011,59307000.0,-0.28423730147460297,16000000.0,6011.0,0.0,0,0,0,0,0,0,0,0,0.0,0.0,0.0,0.0,0.0,0.0,0.0,0.0,0,0,0,0,0,0,0,43.333333333333,,
NL,2012,8560000.0,-0.28423730147460297,15000000.0,5804.0,0.0,0,0,0,0,0,0,0,0,0.0,0.0,0.0,0.0,0.0,0.0,0.0,0.0,0,0,0,0,0,0,0,43.333333333333,,
NL,2013,23351000.0,-0.7733435173924292,13000000.0,2099.0,0.0,0,0,0,0,0,0,0,0,0.0,0.0,0.0,0.0,0.0,0.0,0.0,0.0,0,0,0,0,0,0,0,46.666666666667,The Netherlands strengthened investor protections through a new law regulating the approval of related-party transactions.,True
NL,2014,-46055000.0,-1.0969405372231373,6000000.0,2885.0,0.0,0,0,0,0,0,0,0,0,0.0,0.0,0.0,0.0,0.0,0.0,0.0,0.0,0,0,0,0,0,0,0,58.0,,
NL,2015,55516000.0,-0.9394970464290593,0.0,2687.0,43.870000000000005,1,1,0,0,0,2,0,2,7.23,36.64,0.0,0.0,0.0,43.870000000000005,0.0,43.870000000000005,1,0,1,0,0,2,0,58.0,,
NL,2016,36820000.0,-0.7046227848217945,0.0,2722.0,0.0,0,0,0,0,0,0,0,0,0.0,0.0,0.0,0.0,0.0,0.0,0.0,0.0,0,0,0,0,0,0,0,58.0,,
NL,2017,41181000.0,-0.7046227848217945,0.0,2923.0,0.0,0,0,0,0,0,0,0,0,0.0,0.0,0.0,0.0,0.0,0.0,0.0,0.0,0,0,0,0,0,0,0,58.0,,
NO,1993,5491765.0,-0.23487426160726482,0.0,0.0,0.0,0,0,0,0,0,0,0,0,0.0,0.0,0.0,0.0,0.0,0.0,0.0,0.0,0,0,0,0,0,0,0,,,
NO,1994,4751862.0,-0.23487426160726482,0.0,0.0,0.0,0,0,0,0,0,0,0,0,0.0,0.0,0.0,0.0,0.0,0.0,0.0,0.0,0,0,0,0,0,0,0,,,
NO,1995,10200437.0,-0.23487426160726482,0.0,0.0,0.0,0,0,0,0,0,0,0,0,0.0,0.0,0.0,0.0,0.0,0.0,0.0,0.0,0,0,0,0,0,0,0,,,
NO,1996,44732778.0,-0.46974852321452965,0.0,2094.0,0.0,0,0,0,0,0,0,0,0,0.0,0.0,0.0,0.0,0.0,0.0,0.0,0.0,0,0,0,0,0,0,0,,,
NO,1997,37502911.0,-0.46974852321452965,0.0,2009.0,0.0,0,0,0,0,0,0,0,0,0.0,0.0,0.0,0.0,0.0,0.0,0.0,0.0,0,0,0,0,0,0,0,,,
NO,1998,10356690.0,-0.46974852321452965,0.0,2793.0,0.0,0,0,0,0,0,0,0,0,0.0,0.0,0.0,0.0,0.0,0.0,0.0,0.0,0,0,0,0,0,0,0,,,
NO,1999,59890292.0,-0.47910751177625116,2901471.0,3005.0,0.0,0,0,0,0,0,0,0,0,0.0,0.0,0.0,0.0,0.0,0.0,0.0,0.0,0,0,0,0,0,0,0,,,
NO,2000,66997332.0,-0.5313723586012207,1955174.0,1927.0,0.0,0,0,0,0,0,0,0,0,0.0,0.0,0.0,0.0,0.0,0.0,0.0,0.0,0,0,0,0,0,0,0,,,
NO,2001,18515614.0,1.1533912395351038,46024444.0,6707.0,0.0,0,0,0,0,0,0,0,0,0.0,0.0,0.0,0.0,0.0,0.0,0.0,0.0,0,0,0,0,0,0,0,,,
NO,2002,26350243.0,0.6920328967731992,34221627.0,6397.0,0.0,0,0,0,0,1,0,1,1,0.0,0.0,0.0,0.0,0.0,0.0,0.0,0.0,0,0,0,0,1,0,1,,,
NO,2003,200997236.0,-0.8869169591838207,23633026.0,13263.0,29.44,0,1,0,0,0,1,0,1,0.0,29.44,0.0,0.0,0.0,29.44,0.0,29.44,0,1,0,0,0,1,0,,,
NO,2004,630792323.0,-3.027888853855614,14078125.0,16871.0,0.09000000000000001,2,0,0,0,0,2,0,2,0.09000000000000001,0.0,0.0,0.0,0.0,0.09000000000000001,0.0,0.09000000000000001,1,1,0,0,0,2,0,,,
NO,2005,803048479.0,0.965923932098353,35780228.0,38591.0,0.0,0,0,0,0,0,0,0,0,0.0,0.0,0.0,0.0,0.0,0.0,0.0,0.0,0,0,0,0,0,0,0,,,
NO,2006,1125299857.0,6.533842533463858,40593698.0,29483.0,26.04,5,0,0,0,0,5,0,5,26.04,0.0,0.0,0.0,0.0,26.04,0.0,26.04,1,1,2,0,1,4,1,63.333333333333,,
NO,2007,1841176859.0,-4.729108337737604,26749030.0,37468.0,5.53,2,0,0,0,0,2,0,2,5.53,0.0,0.0,0.0,0.0,5.53,0.0,5.53,0,1,0,0,1,1,1,63.333333333333,,
NO,2008,1166175707.0,-4.6513530917648325,25367549.0,49493.0,16.47,2,1,0,0,0,3,0,3,6.36,10.11,0.0,0.0,0.0,16.47,0.0,16.47,2,1,0,0,0,3,0,63.333333333333,Norway strengthened investor protections through amendments to rules on related-party transactions in the Public Limited Companies Act.,True
NO,2009,1563641502.0,-4.612313231198654,21953553.0,44767.0,1.84,1,0,0,0,0,1,0,1,1.84,0.0,0.0,0.0,0.0,1.84,0.0,1.84,1,0,0,0,0,1,0,63.333333333333,,
NO,2010,1669556847.0,-4.894612916455064,21316724.0,41218.0,3.29,1,1,0,0,0,2,0,2,0.95,2.34,0.0,0.0,0.0,3.29,0.0,3.29,0,0,0,1,1,0,2,63.333333333333,,
NO,2011,1621054254.0,-4.8897734932792405,32823856.0,41331.0,2.16,1,0,0,0,0,1,0,1,2.16,0.0,0.0,0.0,0.0,2.16,0.0,2.16,0,1,0,0,0,1,0,63.333333333333,,
NO,2012,1892922483.0,-1.5876737463085453,23118610.0,45049.0,7.78,2,0,1,0,0,3,0,3,4.18,0.0,3.6,0.0,0.0,7.78,0.0,7.78,0,0,2,0,1,1,2,63.333333333333,,
NO,2013,1685816616.0,-4.570371563674844,98211936.0,29205.0,307.27,1,0,1,0,0,1,1,2,228.53,0.0,78.74,0.0,0.0,228.53,78.74,307.27,1,0,1,0,0,1,1,63.333333333333,,
NO,2014,1428564084.0,-3.775412879570999,73862899.0,29961.0,0.0,0,0,0,0,0,0,0,0,0.0,0.0,0.0,0.0,0.0,0.0,0.0,0.0,0,0,0,0,0,0,0,76.0,,
NO,2015,1325868094.0,-3.8092888418017683,10279993.0,29042.0,6.89,1,0,0,0,0,1,0,1,6.89,0.0,0.0,0.0,0.0,6.89,0.0,6.89,1,0,0,0,0,1,0,76.0,,
NO,2016,1563572209.0,-3.5244072073776533,10499279.0,24326.0,0.0,0,0,0,0,0,0,0,0,0.0,0.0,0.0,0.0,0.0,0.0,0.0,0.0,0,0,0,0,0,0,0,76.0,,
NO,2017,1203474151.0,-2.718476393653478,2985909.0,23478.0,1.3,1,0,0,0,0,1,0,1,1.3,0.0,0.0,0.0,0.0,1.3,0.0,1.3,0,1,0,0,0,1,0,76.0,,
PL,2002,38600000.0,-0.23487426160726482,0.0,1289.0,0.0,0,0,0,0,0,0,0,0,0.0,0.0,0.0,0.0,0.0,0.0,0.0,0.0,0,0,0,0,0,0,0,,,
PL,2003,45512973.0,-0.46974852321452965,0.0,1279.0,0.0,0,0,0,0,0,0,0,0,0.0,0.0,0.0,0.0,0.0,0.0,0.0,0.0,0,0,0,0,0,0,0,,,
PL,2004,86246630.0,-0.46974852321452965,0.0,1254.0,0.0,0,0,0,0,0,0,0,0,0.0,0.0,0.0,0.0,0.0,0.0,0.0,0.0,0,0,0,0,0,0,0,,,
PL,2005,85935000.0,-0.23487426160726482,0.0,1221.0,0.0,0,0,0,0,0,0,0,0,0.0,0.0,0.0,0.0,0.0,0.0,0.0,0.0,0,0,0,0,0,0,0,,,
PL,2006,68219000.0,-0.46974852321452965,0.0,0.0,0.0,0,0,0,0,0,0,0,0,0.0,0.0,0.0,0.0,0.0,0.0,0.0,0.0,0,0,0,0,0,0,0,56.666666666667,,
PL,2007,3075000.0,-0.46974852321452965,0.0,0.0,0.0,0,0,0,0,0,0,0,0,0.0,0.0,0.0,0.0,0.0,0.0,0.0,0.0,0,0,0,0,0,0,0,60.0,,
PL,2008,63479648.0,-1.174371308036324,0.0,2099.0,0.0,0,0,0,0,0,0,0,0,0.0,0.0,0.0,0.0,0.0,0.0,0.0,0.0,0,0,0,0,0,0,0,60.0,,
PL,2009,97636633.0,-3.053365400894443,0.0,4239.0,1.98,3,0,0,0,0,3,0,3,1.98,0.0,0.0,0.0,0.0,1.98,0.0,1.98,1,2,0,0,0,3,0,60.0,,
PL,2010,127467124.0,-3.2882396625017076,0.0,4166.0,1.8,1,0,0,0,0,1,0,1,1.8,0.0,0.0,0.0,0.0,1.8,0.0,1.8,1,0,0,0,0,1,0,60.0,,
PL,2011,158150633.0,-4.462610970538032,0.0,3996.0,2.87,3,1,0,0,0,4,0,4,1.72,1.15,0.0,0.0,0.0,2.87,0.0,2.87,1,1,2,0,0,3,1,60.0,,
PL,2012,138776927.0,-4.227736708930767,0.0,3041.0,5.67,3,1,0,0,0,4,0,4,0.9199999999999999,4.75,0.0,0.0,0.0,5.67,0.0,5.67,1,2,1,0,0,3,1,60.0,,
PL,2013,150779159.0,-6.576479325003415,0.0,2924.0,0.69,1,0,0,0,0,1,0,1,0.69,0.0,0.0,0.0,0.0,0.69,0.0,0.69,0,1,0,0,0,1,0,60.0,,
PL,2014,143695468.0,-6.81135358661068,0.0,2485.0,0.61,2,0,0,0,0,2,0,2,0.61,0.0,0.0,0.0,0.0,0.61,0.0,0.61,1,1,0,0,0,2,0,66.0,,
PL,2015,143784463.0,-6.106730801788886,0.0,3128.0,0.49,0,1,0,0,1,1,1,2,0.0,0.31,0.0,0.0,0.18,0.31,0.18,0.49,0,0,0,1,1,0,2,66.0,,
PL,2016,157215833.0,-6.576479325003415,0.0,3696.0,0.0,0,0,0,0,0,0,0,0,0.0,0.0,0.0,0.0,0.0,0.0,0.0,0.0,0,0,0,0,0,0,0,66.0,,
PL,2017,133102370.0,-3.2882396625017076,0.0,4177.0,4.31,1,0,0,0,0,1,0,1,4.31,0.0,0.0,0.0,0.0,4.31,0.0,4.31,1,0,0,0,0,1,0,66.0,,
RO,2012,3066445.0,-0.23487426160726482,0.0,0.0,0.0,0,0,0,0,0,0,0,0,0.0,0.0,0.0,0.0,0.0,0.0,0.0,0.0,0,0,0,0,0,0,0,,,
RO,2013,2632594.0,-0.23487426160726482,0.0,0.0,0.0,0,0,0,0,0,0,0,0,0.0,0.0,0.0,0.0,0.0,0.0,0.0,0.0,0,0,0,0,0,0,0,,,
RO,2014,3366512.0,-0.46974852321452965,0.0,150.0,0.0,0,0,0,0,0,0,0,0,0.0,0.0,0.0,0.0,0.0,0.0,0.0,0.0,0,0,0,0,0,0,0,,,
RO,2015,3059172.0,-0.46974852321452965,0.0,568.0,0.0,0,0,0,0,0,0,0,0,0.0,0.0,0.0,0.0,0.0,0.0,0.0,0.0,0,0,0,0,0,0,0,,,
RO,2016,3051295.0,-0.46974852321452965,0.0,646.0,0.0,0,0,0,0,0,0,0,0,0.0,0.0,0.0,0.0,0.0,0.0,0.0,0.0,0,0,0,0,0,0,0,,,
RO,2017,3293283.0,-0.46974852321452965,0.0,598.0,0.0,0,0,0,0,0,0,0,0,0.0,0.0,0.0,0.0,0.0,0.0,0.0,0.0,0,0,0,0,0,0,0,,,
RU,2002,8717152000.0,-0.36489435440500584,133942000.0,318577.0,0.0,0,0,0,0,0,0,0,0,0.0,0.0,0.0,0.0,0.0,0.0,0.0,0.0,0,0,0,0,0,0,0,,,
RU,2003,9070241668.0,-0.7281755677514037,165245305.0,407272.0,0.0,0,0,0,0,0,0,0,0,0.0,0.0,0.0,0.0,0.0,0.0,0.0,0.0,0,0,0,0,0,0,0,,,
RU,2004,10962470008.0,-1.782205629341635,154637000.0,442753.0,14.46,0,0,1,0,0,0,1,1,0.0,0.0,14.46,0.0,0.0,0.0,14.46,14.46,0,0,1,0,0,0,1,,,
RU,2005,18245471823.0,-5.796038910427042,192743000.0,443116.0,0.0,1,0,0,0,0,1,0,1,0.0,0.0,0.0,0.0,0.0,0.0,0.0,0.0,0,0,1,0,0,0,1,,,
RU,2006,28974215232.0,-7.887323290071913,378424000.0,503028.0,0.0,1,0,0,0,0,1,0,1,0.0,0.0,0.0,0.0,0.0,0.0,0.0,0.0,0,0,0,1,0,0,1,46.666666666667,,
RU,2007,31358219582.0,-17.41650893738656,447545982.0,708073.0,1758.1100000000001,2,2,3,1,3,6,5,11,0.0,0.0,632.04,430.76,65.91,632.04,496.67,1128.71,0,1,4,3,3,3,8,46.666666666667,,
RU,2008,39747519493.0,-16.925794197779783,603916928.0,774742.0,318.63,2,2,3,3,2,6,6,12,0.0,0.0,0.0,297.1,21.529999999999998,0.0,318.63,318.63,2,2,3,2,3,6,6,46.666666666667,,
RU,2009,33715848318.0,-21.967842666148034,670581459.0,771354.0,430.93,11,3,4,1,2,15,5,20,13.41,0.0,218.38,13.36,15.88,7.74,246.84,254.58,6,6,4,2,2,14,6,46.666666666667,,
RU,2010,43824336149.0,-21.549714656808963,614418408.0,753052.0,71.37,6,6,4,0,3,15,4,19,2.89,4.65,63.830000000000005,0.0,0.0,11.17,60.2,71.37,4,7,4,1,3,14,5,46.666666666667,,
RU,2011,60107255275.0,-21.937192986034482,739503592.0,778510.0,359.92,2,2,2,1,0,6,1,7,0.0,136.1,3.41,90.07,0.0,139.51,90.07,229.57999999999998,0,3,2,2,0,5,2,46.666666666667,,
RU,2012,59862457106.0,-31.012437045561093,512017104.0,950152.0,997.5,9,7,6,0,1,16,4,20,724.6,153.04999999999998,44.47,0.0,0.0,546.23,13.700000000000001,559.93,4,5,7,1,3,13,7,46.666666666667,,
RU,2013,59848272511.0,-31.842240500004806,402331781.0,934592.0,5998.05,15,5,18,2,0,20,16,36,364.12,2784.94,53.54,13.92,0.0,3080.05,52.879999999999995,3132.9300000000003,2,6,21,5,2,14,22,46.666666666667,,
RU,2014,38525042602.0,-31.41540245242318,330266177.0,957734.0,50.510000000000005,6,1,0,0,0,4,0,4,49.5,1.01,0.0,0.0,0.0,25.76,0.0,25.76,1,2,1,0,0,3,1,56.0,,
RU,2015,36754854471.0,-29.982604099849983,410406395.0,891225.0,10.469999999999999,3,0,0,0,0,2,0,2,10.469999999999999,0.0,0.0,0.0,0.0,5.54,0.0,5.54,2,0,0,0,0,2,0,56.0,,
RU,2016,38623182820.0,-28.697894866878798,518124501.0,907394.0,583.96,4,0,0,0,0,2,0,2,583.96,0.0,0.0,0.0,0.0,291.98,0.0,291.98,2,0,0,0,0,2,0,56.0,,
RU,2017,35454144394.0,-24.591468212503223,267104778.0,880107.0,525.8299999999999,7,1,0,0,0,5,0,5,496.77,14.53,0.0,0.0,0.0,264.4,0.0,264.4,3,2,0,0,0,5,0,58.0,The Russian Federation strengthened minority investor protections by increasing shareholder rights and role in major corporate decisions.,True
SE,1997,156125692.0,-0.23487426160726482,0.0,0.0,0.0,0,0,0,0,0,0,0,0,0.0,0.0,0.0,0.0,0.0,0.0,0.0,0.0,0,0,0,0,0,0,0,,,
SE,1998,150709434.0,-0.23487426160726482,0.0,309.0,0.0,0,0,0,0,0,0,0,0,0.0,0.0,0.0,0.0,0.0,0.0,0.0,0.0,0,0,0,0,0,0,0,,,
SE,1999,176081324.0,-0.23487426160726482,0.0,316.0,0.0,0,0,0,0,0,0,0,0,0.0,0.0,0.0,0.0,0.0,0.0,0.0,0.0,0,0,0,0,0,0,0,,,
SE,2000,195403608.0,-0.46974852321452965,0.0,3090.0,0.0,0,0,0,0,0,0,0,0,0.0,0.0,0.0,0.0,0.0,0.0,0.0,0.0,0,0,0,0,0,0,0,,,
SE,2001,173164274.0,-0.46974852321452965,0.0,1921.0,0.0,0,0,0,0,0,0,0,0,0.0,0.0,0.0,0.0,0.0,0.0,0.0,0.0,0,0,0,0,0,0,0,,,
SE,2002,1303882614.0,-1.5618496372618427,11021000.0,83248.0,0.0,0,0,0,0,0,0,0,0,0.0,0.0,0.0,0.0,0.0,0.0,0.0,0.0,0,0,0,0,0,0,0,,,
SE,2003,1643087170.0,-3.6547471579653212,9251000.0,77841.0,58.72,4,0,0,1,0,4,1,5,13.2,0.0,0.0,45.52,0.0,13.2,45.52,58.720000000000006,2,2,0,1,0,4,1,,,
SE,2004,1232339320.0,-5.342421797798592,3441000.0,81419.0,0.0,1,0,0,0,0,1,0,1,0.0,0.0,0.0,0.0,0.0,0.0,0.0,0.0,1,0,0,0,0,1,0,,,
SE,2005,1891345216.0,-12.03117666395506,7668816.0,143931.0,9.73,2,0,0,0,0,2,0,2,9.73,0.0,0.0,0.0,0.0,9.73,0.0,9.73,1,1,0,0,0,2,0,,,
SE,2006,2401423729.0,28.02278672875378,11929661.0,149927.0,25.81,5,1,0,0,0,5,0,5,24.26,1.55,0.0,0.0,0.0,18.39,0.0,18.39,1,4,0,0,0,5,0,43.333333333333,,
SE,2007,3892726897.0,10.943818008320758,12339950.0,157796.0,68.22,7,0,1,0,0,3,1,4,58.71,0.0,9.51,0.0,0.0,49.71,9.51,59.22,0,2,0,0,2,2,2,56.666666666667,,
SE,2008,2456596518.0,0.46001426842698784,10299165.0,150679.0,22.71,1,1,0,0,0,2,0,2,0.48,22.23,0.0,0.0,0.0,22.71,0.0,22.71,0,1,1,0,0,2,0,56.666666666667,,
SE,2009,2565142036.0,1.5037119159767427,11831810.0,142189.0,84.05,2,3,0,0,0,5,0,5,0.24,29.13,0.0,0.0,0.0,29.37,0.0,29.37,1,1,0,1,2,2,3,56.666666666667,,
SE,2010,2011748402.0,4.864556778224788,13390565.0,74471.0,14.75,5,0,1,0,0,6,0,6,14.35,0.0,0.4,0.0,0.0,14.75,0.0,14.75,4,1,1,0,0,6,0,56.666666666667,,
SE,2011,2787313811.0,-4.512956670623439,11554926.0,76901.0,10.71,3,0,0,0,0,3,0,3,10.71,0.0,0.0,0.0,0.0,10.71,0.0,10.71,3,0,0,0,0,3,0,63.333333333333,Sweden strengthened investor protections by requiring greater corporate disclosure and regulating the approval of transactions between interested parties.,True
SE,2012,2481256635.0,34.973510161984606,24252229.0,83877.0,78.11,4,0,1,0,0,4,1,5,52.72,0.0,25.39,0.0,0.0,52.72,25.39,78.11,2,2,1,0,0,4,1,63.333333333333,,
SE,2013,3541928520.0,6.650628405263493,59909833.0,139896.0,14.34,3,0,0,0,0,3,0,3,14.34,0.0,0.0,0.0,0.0,14.34,0.0,14.34,3,0,0,0,0,3,0,63.333333333333,,
SE,2014,2462383999.0,19.527689143182105,67065935.0,82905.0,10.510000000000002,2,0,0,0,0,2,0,2,10.510000000000002,0.0,0.0,0.0,0.0,10.510000000000002,0.0,10.510000000000002,1,0,1,0,0,2,0,72.0,,
SE,2015,3156981787.0,-3.2408280909615357,84261865.0,71280.0,64.08,0,0,1,0,0,0,1,1,0.0,0.0,64.08,0.0,0.0,0.0,64.08,64.08,0,0,1,0,0,0,1,72.0,,
SE,2016,3337350197.0,-4.801704302744624,91767310.0,67228.0,53.63,4,0,0,0,0,2,0,2,53.63,0.0,0.0,0.0,0.0,19.67,0.0,19.67,0,1,1,0,0,2,0,72.0,,
SE,2017,3152506617.0,-1.7480190440602548,68589229.0,66904.0,45.38,4,0,0,0,0,4,0,4,45.38,0.0,0.0,0.0,0.0,45.38,0.0,45.38,4,0,0,0,0,4,0,72.0,,
SG,2002,2251423.0,-0.23487426160726482,0.0,140.0,0.0,0,0,0,0,0,0,0,0,0.0,0.0,0.0,0.0,0.0,0.0,0.0,0.0,0,0,0,0,0,0,0,,,
SG,2003,2444238.0,-0.46974852321452965,0.0,1626.0,0.0,0,0,0,0,0,0,0,0,0.0,0.0,0.0,0.0,0.0,0.0,0.0,0.0,0,0,0,0,0,0,0,,,
SG,2004,299487412.0,-1.8789940928581186,0.0,12603.0,0.0,0,0,0,0,0,0,0,0,0.0,0.0,0.0,0.0,0.0,0.0,0.0,0.0,0,0,0,0,0,0,0,,,
SG,2005,296491097.0,-2.1138683544653833,0.0,11242.0,0.0,0,0,0,0,0,0,0,0,0.0,0.0,0.0,0.0,0.0,0.0,0.0,0.0,0,0,0,0,0,0,0,,,
SG,2006,720728413.0,-2.1138683544653833,0.0,8808.0,16.79,2,0,0,0,0,2,0,2,16.79,0.0,0.0,0.0,0.0,16.79,0.0,16.79,0,2,0,0,0,2,0,93.333333333333,,
SG,2007,1235938900.0,-2.1138683544653833,0.0,5261.0,0.0,0,0,0,0,0,0,0,0,0.0,0.0,0.0,0.0,0.0,0.0,0.0,0.0,0,0,0,0,0,0,0,93.333333333333,,
SG,2008,481895113.0,-3.053365400894443,0.0,435.0,7.88,7,0,0,0,0,7,0,7,7.88,0.0,0.0,0.0,0.0,7.88,0.0,7.88,0,4,0,0,3,4,3,93.333333333333,,
SG,2009,450753521.0,-2.1138683544653833,0.0,517.0,0.0,0,0,0,0,0,0,0,0,0.0,0.0,0.0,0.0,0.0,0.0,0.0,0.0,0,0,0,0,0,0,0,93.333333333333,,
SG,2010,1258921260.0,-2.348742616072648,0.0,0.0,79.35,0,0,1,0,0,0,1,1,0.0,0.0,79.35,0.0,0.0,0.0,79.35,79.35,0,0,1,0,0,0,1,93.333333333333,,
SG,2011,843306456.0,-2.1138683544653833,0.0,0.0,0.0,0,0,0,0,0,0,0,0,0.0,0.0,0.0,0.0,0.0,0.0,0.0,0.0,0,0,0,0,0,0,0,93.333333333333,,
SG,2012,800546445.0,-2.1138683544653833,0.0,0.0,0.0,0,0,0,0,0,0,0,0,0.0,0.0,0.0,0.0,0.0,0.0,0.0,0.0,0,0,0,0,0,0,0,93.333333333333,,
SG,2013,743975498.0,-1.8789940928581186,0.0,0.0,28.36,1,0,0,0,0,1,0,1,28.36,0.0,0.0,0.0,0.0,28.36,0.0,28.36,0,0,0,0,1,0,1,93.333333333333,,
SG,2014,847811759.0,-2.348742616072648,0.0,0.0,8.8,2,0,0,0,0,2,0,2,8.8,0.0,0.0,0.0,0.0,8.8,0.0,8.8,0,0,2,0,0,0,2,86.0,,
SG,2015,707203936.0,-2.1138683544653833,0.0,0.0,0.0,0,0,0,0,0,0,0,0,0.0,0.0,0.0,0.0,0.0,0.0,0.0,0.0,0,0,0,0,0,0,0,86.0,,
SG,2016,593705710.0,-3.5231139241089724,0.0,0.0,0.0,0,0,0,0,0,0,0,0,0.0,0.0,0.0,0.0,0.0,0.0,0.0,0.0,0,0,0,0,0,0,0,86.0,,
SG,2017,980164280.0,-3.757988185716237,0.0,0.0,157.65,6,0,0,0,0,6,0,6,157.65,0.0,0.0,0.0,0.0,157.65,0.0,157.65,3,2,0,0,1,5,1,86.0,,
