countrycode,closing_date,ebitda,r_d_expenses_operating_revenue,research_development_expenses,number_of_employees,Acquired stake (%)_0_10,Acquired stake (%)_10_20,Acquired stake (%)_20_30,Acquired stake (%)_30_40,Acquired stake (%)_40_50,Acquired stake (%)_0_25,Acquired stake (%)_25_50,Acquired stake (%)_0_50,Final stake (%)_0_10,Final stake (%)_10_20,Final stake (%)_20_30,Final stake (%)_30_40,Final stake (%)_40_50,Final stake (%)_0_25,Final stake (%)_25_50,Score-protecting minority investors,Reform,is_reform
AU,2000,45003328.0,-1.3809064715905421,1597941.0,531.0,0,1,0,0,0,1,0,1,0,1,0,0,0,1,0,,,
AU,2001,1391305843.0,-9.415463683020938,56655628.0,43508.0,0,0,0,0,0,0,0,0,0,0,0,0,0,0,0,,,
AU,2002,14817832554.0,-24.839216673727535,193352416.0,195414.0,2,1,0,0,0,3,0,3,1,2,0,0,0,3,0,,,
AU,2003,27734741753.0,45.83479008699432,972191559.0,455243.0,85,4,2,0,0,76,1,77,53,16,6,1,1,74,3,,,
AU,2004,41808634940.0,-1.8080870954819634,1020704127.0,647983.0,121,6,1,0,0,105,1,106,65,37,3,1,0,103,3,,,
AU,2005,71719820511.0,-76.00584520781591,721695710.0,1792467.0,302,2,0,0,0,217,0,217,161,50,2,3,1,213,4,,,
AU,2006,83690296919.0,-95.11474010211649,1842429344.0,1204469.0,309,1,1,0,0,204,0,204,143,57,4,0,0,202,2,56.666666666667,,
AU,2007,121950151899.0,-107.51857130945731,1063368431.0,982089.0,464,16,2,1,0,329,2,331,213,102,11,4,1,324,7,56.666666666667,,
AU,2008,93221945032.0,-90.99665071107256,1651003626.0,646787.0,84,8,1,0,0,58,0,58,33,21,4,0,0,56,2,56.666666666667,,
AU,2009,91688211905.0,-89.4511919101655,1539358291.0,538275.0,118,12,3,0,0,94,2,96,77,14,2,1,2,93,3,56.666666666667,,
AU,2010,97201831332.0,-115.70666423537949,1380470111.0,533608.0,240,9,0,0,0,182,0,182,125,49,6,1,1,180,2,56.666666666667,,
AU,2011,89943485371.0,-97.97639835439747,1237460193.0,510300.0,220,6,0,0,0,211,0,211,147,59,5,0,0,209,2,56.666666666667,,
AU,2012,132000421390.0,-147.68817118331512,1755060910.0,1198507.0,534,11,1,0,0,468,1,469,384,82,2,0,1,467,2,56.666666666667,,
AU,2013,126379978344.0,-93.64974380903801,2410546506.0,1487221.0,709,2,0,1,0,624,1,625,514,99,7,3,2,619,6,56.666666666667,,
AU,2014,85021894939.0,-72.45204323949318,3076335876.0,807173.0,416,12,1,0,0,382,1,383,286,94,3,0,0,380,3,64.0,,
AU,2015,68083580609.0,27.241788479637233,1709897568.0,808961.0,158,3,1,2,0,153,2,155,128,24,0,2,1,152,3,64.0,,
AU,2016,65304645431.0,46.09411087419358,967360822.0,490717.0,94,4,0,0,0,94,0,94,74,20,0,0,0,94,0,64.0,,
AU,2017,74873813381.0,88.37399801945402,773233636.0,481631.0,56,7,1,0,0,62,1,63,44,16,1,1,1,60,3,64.0,,
AU,2018,90344393352.0,78.75688559576754,763135919.0,444407.0,151,6,0,0,0,143,0,143,116,23,0,3,1,139,4,64.0,,
AU,2019,81822666044.0,65.73181439509233,715350662.0,445367.0,140,3,0,0,0,130,0,130,98,30,1,1,0,129,1,64.0,,
AU,2020,44453740399.0,-4.707247427323365,699402659.0,154289.0,137,6,0,0,0,127,0,127,94,32,1,0,0,126,1,64.0,,
BG,2004,14875000.0,-0.3020051634831627,0.0,1635.0,0,0,0,0,0,0,0,0,0,0,0,0,0,0,0,,,
BG,2005,21890000.0,-0.3020051634831627,0.0,1768.0,0,0,0,0,0,0,0,0,0,0,0,0,0,0,0,,,
BG,2006,19002000.0,-0.3020051634831627,0.0,1834.0,0,0,0,0,0,0,0,0,0,0,0,0,0,0,0,63.333333333333,,
BG,2007,28580000.0,-0.6040103269663254,0.0,1843.0,0,0,0,0,0,0,0,0,0,0,0,0,0,0,0,63.333333333333,,
BG,2008,30884000.0,-0.6040103269663254,0.0,0.0,0,0,0,0,0,0,0,0,0,0,0,0,0,0,0,63.333333333333,,
BG,2009,56518410.0,-1.2080206539326508,0.0,2504.0,0,0,0,0,0,0,0,0,0,0,0,0,0,0,0,63.333333333333,,
BG,2010,87598265.0,-2.1140361443821387,0.0,4285.0,0,0,0,0,0,0,0,0,0,0,0,0,0,0,0,63.333333333333,,
BG,2011,62040259.0,-3.020051634831627,0.0,2558.0,1,0,0,0,0,1,0,1,1,0,0,0,0,1,0,63.333333333333,,
BG,2012,167022423.0,-4.530077452247441,0.0,4329.0,4,0,0,1,0,4,1,5,4,0,0,0,1,4,1,63.333333333333,,
BG,2013,228204922.0,-14.798253010674973,0.0,11471.0,16,2,1,1,0,18,2,20,5,7,5,3,0,14,6,63.333333333333,,
BG,2014,201694581.0,-12.684216866292834,0.0,7454.0,8,0,0,2,0,8,2,10,8,0,0,2,0,8,2,74.0,,
BG,2015,458698951.0,-11.778201375843345,0.0,14884.0,3,1,0,0,0,4,0,4,3,1,0,0,0,4,0,74.0,,
BG,2016,258527897.0,-16.308278828090785,0.0,14776.0,0,0,0,0,0,0,0,0,0,0,0,0,0,0,0,74.0,,
BG,2017,248289487.0,-13.590232356742321,0.0,15235.0,4,1,0,0,0,3,0,3,2,0,0,0,1,2,1,74.0,,
BG,2018,214330051.0,-11.476196212360183,0.0,15577.0,2,0,0,0,0,1,0,1,0,0,1,0,0,0,1,74.0,,
BG,2019,285708056.0,-8.758149741011719,0.0,3474.0,1,0,0,0,1,1,1,2,1,0,0,0,1,1,1,74.0,,
CA,1994,-699463.0,-0.3020051634831627,0.0,0.0,0,0,0,0,0,0,0,0,0,0,0,0,0,0,0,,,
CA,1995,1160339.0,-0.6040103269663254,0.0,0.0,0,0,0,0,0,0,0,0,0,0,0,0,0,0,0,,,
CA,1996,529204997.0,-0.9060154904494881,0.0,0.0,0,0,0,0,0,0,0,0,0,0,0,0,0,0,0,,,
CA,1997,503883602.0,-2.0316369207600493,796002.0,0.0,0,0,0,0,0,0,0,0,0,0,0,0,0,0,0,,,
CA,1998,272742855.0,-3.507820199902504,1356817.0,1500.0,0,0,0,0,0,0,0,0,0,0,0,0,0,0,0,,,
CA,1999,957022243.0,7.38397825563771,60257874.0,0.0,0,0,0,0,0,0,0,0,0,0,0,0,0,0,0,,,
CA,2000,2659143770.0,0.8968867794991751,141696938.0,0.0,0,0,0,0,0,0,0,0,0,0,0,0,0,0,0,,,
CA,2001,4208396829.0,0.7600884955201546,228519139.0,0.0,1,1,0,0,0,2,0,2,0,2,0,0,0,2,0,,,
CA,2002,3512113393.0,-2.0521068751997245,297924038.0,1641.0,2,0,0,0,0,2,0,2,0,1,1,0,0,1,1,,,
CA,2003,6328821853.0,19.80182854009289,409817248.0,4300.0,4,5,1,1,0,10,1,11,1,5,1,2,2,7,4,,,
CA,2004,8391922153.0,18.207631861642362,253240553.0,4100.0,5,1,0,0,0,6,0,6,2,2,1,1,0,5,1,,,
CA,2005,12709137513.0,40.43526332882751,295712028.0,3500.0,13,2,0,1,0,14,1,15,4,6,3,1,1,11,4,,,
CA,2006,13195577495.0,35.08120446131466,436933898.0,12799.0,20,0,0,0,0,20,0,20,7,13,0,0,0,20,0,83.333333333333,,
CA,2007,13297900683.0,19.11240317744955,459711263.0,5873.0,60,1,1,0,0,61,1,62,16,43,3,0,0,61,1,83.333333333333,,
CA,2008,17838677981.0,14.991679236602575,540258511.0,33103.0,55,1,1,0,0,56,0,56,11,36,4,4,1,49,7,83.333333333333,,
CA,2009,8540140095.0,16.241618978266803,864992902.0,17860.0,37,1,1,0,0,39,0,39,7,27,3,1,1,34,5,83.333333333333,,
CA,2010,13385565413.0,19.55818772905592,1050996312.0,30714.0,13,3,0,0,0,16,0,16,2,10,1,2,1,12,4,83.333333333333,,
CA,2011,16316818767.0,5.118851697465183,1365511801.0,15531.0,14,1,1,0,0,16,0,16,3,8,2,0,3,12,4,83.333333333333,,
CA,2012,14046853144.0,-5.467655258649759,1634281419.0,41860.0,10,2,0,0,0,12,0,12,2,5,2,1,2,9,3,83.333333333333,,
CA,2013,11974383843.0,37.64734089030426,1514259553.0,43754.0,8,2,0,0,0,10,0,10,0,6,3,1,0,8,2,86.666666666667,,
CA,2014,12380792777.0,4.336326832893954,1366554390.0,162495.0,11,1,0,1,0,12,1,13,3,7,1,1,1,11,2,82.0,,
CA,2015,14925184894.0,1.235680074719325,1207023963.0,110819.0,12,5,0,0,0,17,0,17,4,10,2,1,0,16,1,82.0,,
CA,2016,15419211096.0,-2.9335897305208967,1131373849.0,188067.0,8,0,0,0,0,8,0,8,0,4,2,2,0,4,4,82.0,,
CA,2017,16141881376.0,-3.903284485654451,923852766.0,304041.0,5,1,0,0,0,6,0,6,2,3,1,0,0,5,1,82.0,,
CA,2018,15464438471.0,-0.4186742355009921,893102333.0,170363.0,1,0,0,0,0,1,0,1,0,1,0,0,0,1,0,82.0,,
CA,2019,13902795318.0,0.8320174449502405,942805643.0,117824.0,1,0,0,0,0,1,0,1,0,1,0,0,0,1,0,82.0,,
CA,2020,2639836375.0,2.2248331425738614,567931812.0,18068.0,0,0,0,0,0,0,0,0,0,0,0,0,0,0,0,82.0,,
CN,1999,4092529.0,-0.3020051634831627,0.0,0.0,0,0,0,0,0,0,0,0,0,0,0,0,0,0,0,,,
CN,2000,11562051.0,-0.3020051634831627,0.0,0.0,0,0,0,0,0,0,0,0,0,0,0,0,0,0,0,,,
CN,2001,72201716.0,-2.1140361443821387,0.0,3295.0,0,0,0,0,0,0,0,0,0,0,0,0,0,0,0,,,
CN,2002,15893969639.0,-1.5426971636867235,283546000.0,654439.0,0,0,0,0,0,0,0,0,0,0,0,0,0,0,0,,,
CN,2003,18120336621.0,-33.57810011516849,294534000.0,743356.0,0,1,0,0,0,1,0,1,0,1,0,0,0,1,0,,,
CN,2004,54345231082.0,-186.48834397268325,659936000.0,2654358.0,10,8,8,0,0,20,6,26,8,7,11,0,0,18,8,,,
CN,2005,77132345691.0,-182.81120287185908,811886000.0,2628649.0,19,9,8,1,1,30,8,38,13,12,10,0,3,28,10,,,
CN,2006,80640960313.0,-210.46879274093482,1005696000.0,3008341.0,13,10,14,1,0,31,7,38,8,8,16,2,4,23,15,43.333333333333,,
CN,2007,65647930329.0,-250.18781508562157,797536000.0,3384207.0,16,11,11,2,0,33,7,40,8,10,17,3,2,28,12,50.0,,
CN,2008,75222576714.0,-256.89910793793854,1468772000.0,3891437.0,55,8,5,3,2,64,8,72,28,14,10,12,8,46,26,50.0,,
CN,2009,100915210944.0,-263.4566433637956,2958910650.0,5327446.0,46,11,6,3,4,61,9,69,19,14,26,5,6,57,13,50.0,,
CN,2010,115856518202.0,-163.0745086621052,4727191311.0,5049573.0,28,12,3,0,1,42,2,44,19,13,6,4,2,35,9,50.0,,
CN,2011,139600395960.0,-99.1777434197494,7144884100.0,5683903.0,43,4,0,1,1,47,2,49,14,12,8,7,8,31,18,50.0,,
CN,2012,138259966908.0,28.915666263550193,8304992739.0,5902133.0,38,4,0,0,1,42,1,43,6,10,6,12,9,20,23,50.0,,
CN,2013,149571391827.0,106.87308925893787,9641958810.0,6182923.0,54,2,1,0,0,57,0,57,19,11,9,12,6,36,21,50.0,,
CN,2014,200575429621.0,522.9586450462654,13171765177.0,6845867.0,102,19,4,3,1,123,6,129,48,38,19,9,15,95,34,52.0,,
CN,2015,201677312507.0,529.0042824113248,16454831639.0,7292167.0,228,34,11,7,2,267,13,280,115,59,39,46,21,192,88,56.0,,
CN,2016,228461942582.0,648.168360483586,18972795755.0,7913690.0,248,57,14,6,4,313,16,329,119,75,54,50,31,223,106,56.0,,
CN,2017,279461193721.0,651.1032323797127,23711360634.0,8218369.0,416,60,27,7,2,486,20,506,165,158,83,59,41,366,140,56.0,,
CN,2018,293340177417.0,768.6127072597773,34212717049.0,8857715.0,421,44,18,5,2,473,17,490,176,118,93,49,54,340,150,56.0,,
CN,2019,310491947119.0,813.96537890832,39359475821.0,8819622.0,303,43,22,4,3,355,20,375,147,99,61,44,24,273,102,62.0,"China strengthened minority investor protections by increasing shareholders' rights and role in major corporate decisions, clarifying ownership and control structures, and requiring reimbursement of legal expenses incurred by shareholders.",True
CN,2020,10712515.0,0.13647641936295807,1630858.0,603.0,0,0,0,0,0,0,0,0,0,0,0,0,0,0,0,72.0,China strengthened minority investors protections by by imposing liability on controlling shareholders for unfair related-party transactions and clarifying ownership and control structures. This reform applies to both Beijing and Shanghai.,True
DE,1995,175036174.0,-0.6040103269663254,0.0,11544.0,0,0,0,0,0,0,0,0,0,0,0,0,0,0,0,,,
DE,1996,1284250166.0,-1.8120309808989763,0.0,122640.0,0,0,0,0,0,0,0,0,0,0,0,0,0,0,0,,,
DE,1997,1609909348.0,-2.1140361443821387,0.0,117846.0,0,0,0,0,0,0,0,0,0,0,0,0,0,0,0,,,
DE,1998,1800524585.0,-0.27917118312761624,1011466389.0,196881.0,0,0,0,0,0,0,0,0,0,0,0,0,0,0,0,,,
DE,1999,4725184599.0,13.678690374482356,1791742707.0,214289.0,0,0,0,0,0,0,0,0,0,0,0,0,0,0,0,,,
DE,2000,6489294275.0,5.749612484957251,2516576368.0,265510.0,0,0,0,0,0,0,0,0,0,0,0,0,0,0,0,,,
DE,2001,7732701865.0,24.21112013485643,2762737316.0,355031.0,0,0,0,0,0,0,0,0,0,0,0,0,0,0,0,,,
DE,2002,43931455991.0,57.2650991554851,11861878515.0,1247581.0,0,0,0,0,0,0,0,0,0,0,0,0,0,0,0,,,
DE,2003,30474631503.0,39.848350052714856,12241458451.0,1287916.0,3,2,0,1,2,5,3,8,3,1,1,0,3,5,3,,,
DE,2004,35600714502.0,47.47186868297606,12503710668.0,1397418.0,2,1,0,0,0,3,0,3,1,0,2,0,0,2,1,,,
DE,2005,41477561979.0,27.34845763616866,12823822694.0,1455449.0,3,0,0,1,0,3,1,4,0,1,2,1,0,1,3,,,
DE,2006,63690045417.0,36.78980633851509,18980117527.0,1695099.0,14,1,0,0,0,9,0,9,1,5,3,0,0,8,1,50.0,,
DE,2007,72162651713.0,37.356709433176924,18764311243.0,1870768.0,38,4,1,1,1,34,3,37,17,7,5,5,3,26,11,50.0,,
DE,2008,84957373463.0,15.516222348406398,19587188388.0,2356781.0,37,3,0,1,0,32,1,33,15,4,7,4,3,22,11,50.0,,
DE,2009,57391213381.0,44.32507254919052,19273228959.0,2412286.0,20,5,2,1,0,21,2,23,6,8,7,1,1,16,7,50.0,,
DE,2010,80134226129.0,28.171871068890358,18316540462.0,2195755.0,8,2,1,0,0,10,0,10,7,2,1,0,0,10,0,50.0,,
DE,2011,90312569466.0,36.47837224137653,20003554262.0,2471925.0,6,3,1,1,0,8,2,10,1,3,4,2,0,5,5,50.0,,
DE,2012,99784263379.0,71.28320491250877,24188345155.0,2552940.0,7,0,0,0,0,5,0,5,4,0,0,1,0,4,1,50.0,,
DE,2013,91661328825.0,50.48253466797423,25409881979.0,2513562.0,3,0,0,1,0,3,1,4,1,1,1,1,0,2,2,50.0,,
DE,2014,94156208524.0,54.53664733567756,27622841059.0,2571937.0,0,1,0,0,0,1,0,1,0,1,0,0,0,1,0,62.0,,
DE,2015,90668249691.0,46.74956637590754,31113690388.0,2653163.0,7,2,1,0,0,6,1,7,0,2,2,3,0,2,5,62.0,,
DE,2016,104094337728.0,65.93643819280067,32180978425.0,2725000.0,18,1,2,0,0,17,0,17,10,4,3,0,0,16,1,62.0,,
DE,2017,128982053490.0,32.02892237533855,32931861354.0,3064008.0,39,0,0,0,0,23,0,23,17,1,5,0,0,21,2,62.0,,
DE,2018,110781595085.0,57.65728263339204,38076594237.0,3246665.0,97,0,1,0,0,65,0,65,53,5,5,2,0,63,2,60.0,,
DE,2019,134748222117.0,67.54700438927739,39271461228.0,2918873.0,81,5,0,0,0,58,0,58,39,15,4,0,0,54,4,60.0,,
DE,2020,-259005000.0,9.91147111188235,1137977000.0,106475.0,0,0,0,0,0,0,0,0,0,0,0,0,0,0,0,60.0,,
ES,1992,54373565.0,-0.3020051634831627,0.0,324.0,0,0,0,0,0,0,0,0,0,0,0,0,0,0,0,,,
ES,1993,127432596.0,-0.3020051634831627,0.0,20340.0,0,0,0,0,0,0,0,0,0,0,0,0,0,0,0,,,
ES,1994,134554590.0,-0.3020051634831627,0.0,0.0,0,0,0,0,0,0,0,0,0,0,0,0,0,0,0,,,
ES,1995,136177323.0,-0.3020051634831627,0.0,10095.0,0,0,0,0,0,0,0,0,0,0,0,0,0,0,0,,,
ES,1996,210787398.0,-0.9060154904494881,0.0,4404.0,0,0,0,0,0,0,0,0,0,0,0,0,0,0,0,,,
ES,1997,324691524.0,-1.2080206539326508,0.0,39760.0,0,0,0,0,0,0,0,0,0,0,0,0,0,0,0,,,
ES,1998,413324752.0,-1.5100258174158134,0.0,311.0,0,0,0,0,0,0,0,0,0,0,0,0,0,0,0,,,
ES,1999,1766838082.0,-2.7180464713484644,0.0,12894.0,0,0,0,0,0,0,0,0,0,0,0,0,0,0,0,,,
ES,2000,2363650832.0,-3.020051634831627,0.0,52805.0,0,0,0,0,0,0,0,0,0,0,0,0,0,0,0,,,
ES,2001,3739378681.0,3.872795973104684,102406000.0,107345.0,0,0,0,0,0,0,0,0,0,0,0,0,0,0,0,,,
ES,2002,24102506000.0,3.9427044031459344,228919000.0,385261.0,2,0,0,0,0,2,0,2,1,0,1,0,0,2,0,,,
ES,2003,31420520000.0,-4.752615400568101,1908806000.0,347030.0,8,1,0,0,0,9,0,9,6,0,2,1,0,8,1,,,
ES,2004,47363544000.0,-12.694773708128734,97351000.0,785941.0,26,2,0,0,0,28,0,28,18,6,1,3,0,25,3,,,
ES,2005,69037360000.0,-16.092635416270415,775278000.0,973412.0,25,2,0,0,0,27,0,27,16,8,2,1,0,26,1,,,
ES,2006,108090304000.0,-16.001762031885626,1632917000.0,1247243.0,28,2,0,0,0,30,0,30,25,3,0,2,0,28,2,53.333333333333,,
ES,2007,156316087000.0,-22.30892166048916,1898446000.0,1362716.0,62,0,0,0,0,62,0,62,46,9,6,0,1,61,1,53.333333333333,,
ES,2008,96287034000.0,-14.708410145871298,1808359000.0,1325122.0,24,0,0,0,0,24,0,24,15,4,2,1,2,21,3,53.333333333333,,
ES,2009,66951415000.0,-12.784175677805987,1410197000.0,1016232.0,12,0,0,0,0,12,0,12,7,1,3,1,0,10,2,53.333333333333,,
ES,2010,75615909000.0,-14.852973935647967,1603881000.0,1048530.0,15,2,0,0,0,17,0,17,10,4,3,0,0,15,2,53.333333333333,,
ES,2011,84665696000.0,-15.871568882657291,1870365000.0,1116515.0,11,0,0,0,0,11,0,11,9,2,0,0,0,11,0,53.333333333333,,
ES,2012,66707441000.0,-15.810145434334224,1812682000.0,833126.0,4,0,0,0,0,4,0,4,4,0,0,0,0,4,0,53.333333333333,,
ES,2013,62294847000.0,-12.917333298360369,1829638000.0,838313.0,2,0,0,0,0,2,0,2,1,1,0,0,0,2,0,53.333333333333,,
ES,2014,51674370000.0,-14.82943130032737,1931208000.0,864837.0,1,0,1,0,0,2,0,2,1,0,1,0,0,2,0,68.0,,
ES,2015,49121887000.0,-14.409712960241222,2654366000.0,835182.0,8,0,0,0,0,8,0,8,6,0,1,0,1,6,2,68.0,,
ES,2016,51935402000.0,-4.294832291236198,1517069000.0,827493.0,7,1,0,0,0,8,0,8,5,2,0,1,0,7,1,70.0,Spain strengthened minority investor protections by requiring that major sales of company assets be subject to shareholder approval.,True
ES,2017,54522687000.0,-6.461495858562643,1645034000.0,896707.0,11,0,1,0,0,12,0,12,8,3,1,0,0,12,0,70.0,,
ES,2018,53019381000.0,-9.530866938485488,1405736000.0,895492.0,14,1,0,0,0,15,0,15,10,5,0,0,0,15,0,70.0,,
ES,2019,55051462000.0,-12.571207335562061,1338847000.0,808904.0,7,1,1,0,0,8,1,9,6,1,2,0,0,7,2,70.0,,
ES,2020,11711000.0,-0.3020051634831627,0.0,1209.0,0,0,0,0,0,0,0,0,0,0,0,0,0,0,0,72.0,Spain strengthened minority investor protections by clarifying ownership and control structures.,True
FI,1998,40522000.0,-0.3020051634831627,0.0,3687.0,0,0,0,0,0,0,0,0,0,0,0,0,0,0,0,,,
FI,1999,52028000.0,-0.9060154904494881,0.0,3594.0,0,0,0,0,0,0,0,0,0,0,0,0,0,0,0,,,
FI,2000,72977388.0,-1.8120309808989763,0.0,5337.0,0,0,0,0,0,0,0,0,0,0,0,0,0,0,0,,,
FI,2001,97727000.0,-1.6582627334835829,3500000.0,6010.0,0,0,0,0,0,0,0,0,0,0,0,0,0,0,0,,,
FI,2002,15256376000.0,14.234939238708899,3214275000.0,291959.0,2,0,0,0,0,2,0,2,1,1,0,0,0,2,0,,,
FI,2003,14331651000.0,7.110005718286168,3872618000.0,286600.0,2,0,0,0,0,2,0,2,1,1,0,0,0,2,0,,,
FI,2004,16829194000.0,-2.6806903570677605,4389133000.0,383245.0,11,0,0,0,0,11,0,11,7,4,0,0,0,11,0,,,
FI,2005,16985822000.0,3.880734614190126,4612647000.0,484414.0,14,1,0,0,0,14,0,14,8,5,0,1,0,13,1,,,
FI,2006,20365016000.0,-2.414321011181558,4401549000.0,475241.0,32,2,0,0,0,34,0,34,24,9,1,0,0,34,0,56.666666666667,,
FI,2007,24320294000.0,-1.0830774912092718,6153689000.0,541010.0,26,1,0,0,0,27,0,27,12,12,3,0,0,25,2,56.666666666667,,
FI,2008,20207209000.0,5.428286917125886,6248980000.0,563033.0,19,2,0,0,0,21,0,21,14,4,3,0,0,20,1,56.666666666667,,
FI,2009,13780967000.0,6.248230057662185,5971518000.0,529292.0,16,0,1,0,0,16,1,17,11,3,2,0,1,16,1,56.666666666667,,
FI,2010,17324364605.0,3.362420667743492,6110128000.0,560309.0,16,1,0,0,0,17,0,17,14,2,1,0,0,17,0,56.666666666667,,
FI,2011,16358240500.0,-0.7549628323839368,6168971000.0,587720.0,11,1,0,0,0,12,0,12,5,6,1,0,0,12,0,56.666666666667,,
FI,2012,12555543422.0,-1.483302291659421,9698076000.0,575464.0,7,2,0,0,0,9,0,9,5,3,0,1,0,8,1,56.666666666667,,
FI,2013,16725907000.0,-3.09485572389531,4803963000.0,559262.0,16,2,0,0,0,18,0,18,9,7,0,1,1,16,2,56.666666666667,,
FI,2014,16224580000.0,-0.4161506593013667,4233313000.0,565595.0,20,1,0,0,0,21,0,21,17,3,1,0,0,20,1,62.0,,
FI,2015,56502004000.0,-8.970825917457486,6745825000.0,1391048.0,79,0,0,0,0,79,0,79,70,6,2,0,1,77,2,62.0,,
FI,2016,16539507000.0,3.75860719346453,6224067000.0,525261.0,1,0,0,0,0,1,0,1,1,0,0,0,0,1,0,62.0,,
FI,2017,17997349000.0,-2.356592331060564,6230106000.0,523499.0,4,0,0,1,0,4,1,5,2,2,0,1,0,4,1,62.0,,
FI,2018,20416877000.0,3.688720405334251,6107635000.0,578415.0,13,2,0,0,0,15,0,15,7,6,2,0,0,14,1,62.0,,
FI,2019,20935246000.0,-4.536144303272318,5799719000.0,522436.0,5,2,0,0,0,7,0,7,2,2,2,1,0,5,2,62.0,,
FR,1994,30709178.0,-0.3020051634831627,0.0,50.0,0,0,0,0,0,0,0,0,0,0,0,0,0,0,0,,,
FR,1995,109807960.0,-0.6040103269663254,0.0,29010.0,0,0,0,0,0,0,0,0,0,0,0,0,0,0,0,,,
FR,1996,196687283.0,-1.5100258174158134,0.0,33146.0,0,0,0,0,0,0,0,0,0,0,0,0,0,0,0,,,
FR,1997,339329712.0,-3.020051634831627,0.0,39292.0,0,0,0,0,0,0,0,0,0,0,0,0,0,0,0,,,
FR,1998,9773038600.0,-3.9448087261301126,1276910000.0,329087.0,0,0,0,0,0,0,0,0,0,0,0,0,0,0,0,,,
FR,1999,7983987250.0,-3.9565584018794366,1486151247.0,522242.0,0,0,0,0,0,0,0,0,0,0,0,0,0,0,0,,,
FR,2000,12423574296.0,-4.487728290344921,3494374580.0,350943.0,0,0,0,0,0,0,0,0,0,0,0,0,0,0,0,,,
FR,2001,15521073101.0,1.0834454036958396,3705413000.0,398117.0,0,0,0,0,0,0,0,0,0,0,0,0,0,0,0,,,
FR,2002,51658236000.0,11.841023256234095,9662348000.0,1701651.0,0,0,0,0,0,0,0,0,0,0,0,0,0,0,0,,,
FR,2003,53464032000.0,17.750752184474283,9178662000.0,1553072.0,12,0,0,0,1,12,1,13,9,3,0,0,1,12,1,,,
FR,2004,94874130000.0,-21.19395169656533,6510579000.0,4447597.0,52,0,0,0,1,52,1,53,42,8,2,0,1,50,3,,,
FR,2005,97471184000.0,-31.08106330860716,6853224000.0,4419975.0,90,3,0,0,0,93,0,93,70,15,6,0,2,91,2,,,
FR,2006,96940407000.0,-24.18937607171781,8472660000.0,3881306.0,63,2,1,0,0,65,0,65,40,15,10,0,0,61,4,53.333333333333,,
FR,2007,130357125000.0,-12.386439226640444,11181915000.0,5242602.0,57,1,0,0,0,58,0,58,38,16,3,1,0,55,3,53.333333333333,,
FR,2008,103140009000.0,-4.186997000321971,9543482000.0,4233338.0,40,0,2,0,0,41,1,42,25,6,7,2,2,36,6,53.333333333333,,
FR,2009,78231174058.0,8.332153658888053,8524993468.0,3680697.0,15,2,1,0,0,17,1,18,13,4,0,1,0,17,1,53.333333333333,,
FR,2010,85416434279.0,26.985997382259175,8776147041.0,3841034.0,15,3,0,0,0,18,0,18,9,6,3,0,0,17,1,53.333333333333,,
FR,2011,93053943402.0,16.489655155563973,8542969450.0,4024895.0,9,0,0,0,0,9,0,9,4,2,1,2,0,7,2,53.333333333333,,
FR,2012,79626002267.0,4.08747655512542,7704213644.0,4096609.0,3,0,0,0,0,3,0,3,1,0,2,0,0,2,1,53.333333333333,,
FR,2013,83184023995.0,12.706293615003005,8615389892.0,4297645.0,5,0,0,0,0,5,0,5,3,1,0,0,1,4,1,53.333333333333,,
FR,2014,92437219393.0,22.48164263500492,10145355055.0,3993803.0,10,0,0,0,0,10,0,10,10,0,0,0,0,10,0,68.0,,
FR,2015,122085576234.0,30.749200012041047,39998000880.0,5540534.0,40,0,0,0,0,40,0,40,35,3,2,0,0,38,2,68.0,,
FR,2016,87547997079.0,8.89202154462826,6465414943.0,3483389.0,37,4,2,0,0,42,1,43,31,6,6,0,0,41,2,68.0,,
FR,2017,110091055883.0,13.059003070641024,6842827852.0,4257781.0,32,1,0,0,0,33,0,33,28,4,1,0,0,32,1,68.0,,
FR,2018,5254215000.0,11.724254031568323,1434286000.0,118119.0,6,0,0,0,0,6,0,6,1,5,0,0,0,6,0,68.0,,
GB,1989,6112127.0,-0.035679101418908135,711936.0,480.0,0,0,0,0,0,0,0,0,0,0,0,0,0,0,0,,,
GB,1990,28817325.0,-0.3156130442890111,919524.0,1577.0,0,0,0,0,0,0,0,0,0,0,0,0,0,0,0,,,
GB,1991,33811600.0,-0.3362128501945335,680667.0,1544.0,0,0,0,0,0,0,0,0,0,0,0,0,0,0,0,,,
GB,1992,12860685.0,-0.6040103269663254,0.0,1464.0,0,0,0,0,0,0,0,0,0,0,0,0,0,0,0,,,
GB,1993,2029333099.0,-2.1140361443821387,0.0,93963.0,0,0,0,0,0,0,0,0,0,0,0,0,0,0,0,,,
GB,1994,2301954634.0,-3.5872765941095195,455686.0,101765.0,0,0,0,0,0,0,0,0,0,0,0,0,0,0,0,,,
GB,1995,1663303342.0,-4.450621058040426,2084562.0,118597.0,0,0,0,0,0,0,0,0,0,0,0,0,0,0,0,,,
GB,1996,2347256950.0,3.129409681182274,90523888.0,174056.0,0,0,0,0,0,0,0,0,0,0,0,0,0,0,0,,,
GB,1997,5985390645.0,7.399122476884021,439567159.0,323806.0,0,0,0,0,0,0,0,0,0,0,0,0,0,0,0,,,
GB,1998,6514089329.0,-12.553206852544575,422769561.0,375967.0,1,2,0,0,0,3,0,3,1,0,2,0,0,2,1,,,
GB,1999,9066141628.0,16.78315093136942,454193686.0,434826.0,0,0,0,0,0,0,0,0,0,0,0,0,0,0,0,,,
GB,2000,13284632669.0,9.908014404700994,424591790.0,529795.0,2,1,0,0,0,3,0,3,1,2,0,0,0,3,0,,,
GB,2001,11255825662.0,25.824737370303097,464932897.0,591394.0,0,0,0,0,0,0,0,0,0,0,0,0,0,0,0,,,
GB,2002,50097680312.0,93.20587756584018,5263995340.0,1350260.0,8,2,0,0,0,10,0,10,3,3,4,0,0,9,1,,,
GB,2003,71267900979.0,190.10616365459742,5669648586.0,1813832.0,26,5,1,0,0,32,0,32,8,17,6,0,1,27,5,,,
GB,2004,119484624154.0,91.5672112886891,4848028155.0,3681243.0,70,2,0,0,0,72,0,72,56,10,6,0,0,68,4,,,
GB,2005,178688958932.0,114.72661617823194,9230435538.0,5322224.0,110,5,2,0,0,96,2,98,55,26,16,0,1,86,12,,,
GB,2006,212513942932.0,172.18715655093635,10815270698.0,5976756.0,139,3,0,0,0,116,0,116,81,26,9,0,0,112,4,80.0,,
GB,2007,221224968924.0,138.47659388517448,9736125142.0,5784462.0,11,3,1,0,0,13,0,13,5,1,4,1,2,7,6,80.0,,
GB,2008,257084552772.0,155.48986431441895,8383678334.0,6441328.0,21,4,0,0,0,21,0,21,9,8,4,0,0,19,2,80.0,,
GB,2009,182540329084.0,207.67635937540575,9780467252.0,6559930.0,263,5,2,0,0,215,1,216,154,55,5,1,1,212,4,80.0,,
GB,2010,220213768096.0,193.66797471783565,7626368128.0,5801439.0,90,6,1,0,0,83,1,84,52,25,6,1,0,79,5,80.0,,
GB,2011,254129900110.0,233.95348366801736,9394958413.0,6466776.0,117,3,0,0,0,101,0,101,69,29,3,0,0,100,1,80.0,,
GB,2012,247387862383.0,318.05518821150525,11101961511.0,6875376.0,150,1,1,1,0,100,2,102,70,29,2,1,0,99,3,80.0,,
GB,2013,207679788602.0,240.8916665510932,10278951652.0,6263969.0,147,1,1,0,0,119,0,119,90,23,6,0,0,117,2,80.0,,
GB,2014,199783600698.0,220.38270156708907,11344642709.0,6365136.0,118,1,0,1,0,92,1,93,67,21,4,0,1,89,4,84.0,,
GB,2015,185547652513.0,155.61678194866064,13136291936.0,6343889.0,81,6,0,0,0,73,0,73,50,20,3,0,0,71,2,84.0,,
GB,2016,253128705480.0,245.92218731823564,12640065051.0,9804095.0,211,1,0,0,0,170,0,170,148,18,4,0,0,170,0,84.0,,
GB,2017,205582074961.0,151.3682694042746,12225983308.0,8970070.0,149,1,0,0,0,132,0,132,89,33,10,0,0,126,6,84.0,,
GB,2018,29377756953.0,-6.618712756252458,36881131.0,979313.0,7,0,0,0,0,7,0,7,5,2,0,0,0,7,0,84.0,,
ID,2001,7975964.0,-0.3020051634831627,0.0,3238.0,0,0,0,0,0,0,0,0,0,0,0,0,0,0,0,,,
ID,2002,88231972.0,-0.5613393004477432,773000.0,3127.0,0,0,0,0,0,0,0,0,0,0,0,0,0,0,0,,,
ID,2003,13353977.0,-0.3020051634831627,0.0,3463.0,0,0,0,0,0,0,0,0,0,0,0,0,0,0,0,,,
ID,2004,546376643.0,-7.550129087079068,0.0,54270.0,0,0,0,0,0,0,0,0,0,0,0,0,0,0,0,,,
ID,2005,657945330.0,-8.758149741011719,0.0,62170.0,0,0,0,0,0,0,0,0,0,0,0,0,0,0,0,,,
ID,2006,620279935.0,-9.060154904494881,0.0,73083.0,0,0,0,0,0,0,0,0,0,0,0,0,0,0,0,56.666666666667,,
ID,2007,1063391601.0,-9.664165231461206,0.0,76451.0,0,0,0,0,0,0,0,0,0,0,0,0,0,0,0,56.666666666667,,
ID,2008,1528853968.0,-11.17419104887702,0.0,85156.0,0,0,0,1,0,0,1,1,0,0,0,1,0,0,1,56.666666666667,Indonesia strengthened investor protections by expanding the already extensive disclosure requirements for companies listed on the stock exchange.,True
ID,2009,1965928065.0,-12.080206539326507,0.0,86115.0,0,0,0,0,0,0,0,0,0,0,0,0,0,0,0,56.666666666667,,
ID,2010,2670284821.0,-14.796781595967435,150.0,85322.0,2,1,1,0,1,4,1,5,1,0,1,1,2,2,3,60.0,Indonesia strengthened investor protections by increasing disclosure requirements for related-party transactions.,True
ID,2011,3269386733.0,-15.402263337641298,0.0,93225.0,4,1,1,0,0,5,1,6,1,2,3,0,0,3,3,60.0,,
ID,2012,3211052530.0,-16.58416367527629,113673.0,120176.0,7,0,1,0,0,8,0,8,4,1,3,0,0,6,2,60.0,,
ID,2013,3143470785.0,-16.867040447561468,115540.0,132893.0,1,0,0,2,0,1,2,3,0,1,0,2,0,1,2,60.0,,
ID,2014,3372749735.0,-18.438865682693848,363694.0,135353.0,3,3,0,0,0,6,0,6,0,2,2,0,2,3,3,60.0,,
ID,2015,1927538740.0,-18.21043125458755,251898.0,139342.0,5,1,0,0,0,6,0,6,2,2,1,1,0,4,2,60.0,,
ID,2016,3348116687.0,-20.321524569554615,334417.0,144841.0,11,0,0,0,0,11,0,11,3,4,4,0,0,7,4,64.0,,
ID,2017,3877376876.0,-18.20601701046494,457456.0,146555.0,4,4,0,0,0,8,0,8,3,2,0,0,3,5,3,64.0,,
IN,1993,24042234.0,-0.3020051634831627,0.0,0.0,0,0,0,0,0,0,0,0,0,0,0,0,0,0,0,,,
IN,1994,24956148.0,-0.3020051634831627,0.0,0.0,0,0,0,0,0,0,0,0,0,0,0,0,0,0,0,,,
IN,1996,33233774.0,-0.3020051634831627,0.0,0.0,0,0,0,0,0,0,0,0,0,0,0,0,0,0,0,,,
IN,1997,34097395.0,-0.3020051634831627,0.0,0.0,0,0,0,0,0,0,0,0,0,0,0,0,0,0,0,,,
IN,1998,23666329.0,-0.3020051634831627,0.0,0.0,0,0,0,0,0,0,0,0,0,0,0,0,0,0,0,,,
IN,1999,77187858.0,-0.8707015374685925,570813.0,0.0,0,0,0,0,0,0,0,0,0,0,0,0,0,0,0,,,
IN,2000,86574128.0,-1.470297620312306,767622.0,0.0,0,0,0,0,0,0,0,0,0,0,0,0,0,0,0,,,
IN,2001,146353409.0,-2.6547756389243595,1186590.0,0.0,0,0,0,0,0,0,0,0,0,0,0,0,0,0,0,,,
IN,2002,943749248.0,-5.982707275113811,53152000.0,1242.0,0,0,0,0,0,0,0,0,0,0,0,0,0,0,0,,,
IN,2003,4538355460.0,-9.40798757897289,141376611.0,23791.0,6,0,0,0,0,6,0,6,4,0,1,0,1,5,1,,,
IN,2004,11686029256.0,-61.42499666065718,130811249.0,170264.0,11,0,0,0,0,11,0,11,5,5,1,0,0,11,0,,,
IN,2005,18018633773.0,-94.42562601837245,189857022.0,185222.0,19,1,0,1,0,20,1,21,17,1,1,1,1,18,3,,,
IN,2006,23508319101.0,-110.85959718392506,331032368.0,290264.0,45,10,1,1,0,55,2,57,31,15,6,4,1,50,7,56.666666666667,,
IN,2007,35298613562.0,-128.43547273017052,570486662.0,469370.0,82,13,3,0,1,96,2,98,60,24,8,2,4,87,11,56.666666666667,,
IN,2008,45054464733.0,-137.27534550270576,520285755.0,531365.0,26,1,0,0,1,27,1,28,16,6,3,1,2,25,3,56.666666666667,,
IN,2009,39992846666.0,-133.0607945271034,598432406.0,599726.0,21,3,0,0,0,24,0,24,12,7,1,3,1,19,5,56.666666666667,,
IN,2010,52955486211.0,-142.20892327038996,782271268.0,728029.0,21,8,0,1,0,29,1,30,10,13,3,3,1,23,7,56.666666666667,,
IN,2011,69027634195.0,-150.4251731458125,1247741196.0,899144.0,35,4,0,0,0,37,0,37,20,11,5,0,1,32,5,60.0,,
IN,2012,68392014483.0,-153.06449351982997,1314677122.0,1475189.0,13,1,0,0,0,14,0,14,6,6,1,0,1,12,2,60.0,,
IN,2013,79515863916.0,-156.78778399626506,2051233367.0,1524574.0,27,4,2,0,2,31,2,33,10,10,6,3,4,24,9,60.0,,
IN,2014,74290735577.0,-170.55454283408992,1555035328.0,1572262.0,116,16,3,1,0,122,2,124,64,32,13,9,6,104,20,70.0,,
IN,2015,95180977433.0,-198.2711840686659,2454822161.0,1315059.0,80,5,5,1,4,77,6,83,44,19,11,3,6,73,10,76.0,"India strengthened minority investor protections by requiring greater disclosure of conflicts of interest by board members, increasing the remedies available in case of prejudicial related-party transactions and introducing additional safeguards for shareholders of privately held companies. This reform applies to both Delhi and Mumbai.",True
IN,2016,75162670738.0,-192.51948890263543,2321848008.0,2100499.0,42,5,2,0,1,48,2,50,28,10,7,4,1,42,8,76.0,,
IN,2017,93732984802.0,-171.80831801637754,5214557537.0,2239799.0,44,3,1,0,0,43,0,43,27,12,3,0,1,41,2,76.0,,
IN,2018,4197572335.0,-1.1668210421216059,24010220.0,13363.0,1,0,0,0,0,1,0,1,1,0,0,0,0,1,0,80.0,India strengthened minority investor protections by increasing the remedies available in cases of prejudicial transactions between interested parties. This reform applies to both Delhi and Mumbai.,True
IT,1993,836199497.0,-0.3020051634831627,0.0,0.0,0,0,0,0,0,0,0,0,0,0,0,0,0,0,0,,,
IT,1994,944504124.0,-0.3020051634831627,0.0,0.0,0,0,0,0,0,0,0,0,0,0,0,0,0,0,0,,,
IT,1995,1438584536.0,-0.9060154904494881,0.0,9862.0,0,0,0,0,0,0,0,0,0,0,0,0,0,0,0,,,
IT,1996,1460904358.0,-1.5100258174158134,0.0,13156.0,0,0,0,0,0,0,0,0,0,0,0,0,0,0,0,,,
IT,1997,2277018950.0,-2.4160413078653016,0.0,31389.0,0,0,0,0,0,0,0,0,0,0,0,0,0,0,0,,,
IT,1998,1953877031.0,-1.8120309808989763,0.0,0.0,0,0,0,0,0,0,0,0,0,0,0,0,0,0,0,,,
IT,1999,2469953508.0,-3.020051634831627,0.0,42200.0,0,0,0,0,0,0,0,0,0,0,0,0,0,0,0,,,
IT,2000,2608545643.0,-4.530077452247441,0.0,62434.0,0,0,0,0,0,0,0,0,0,0,0,0,0,0,0,,,
IT,2001,3288472128.0,-6.342108433146417,0.0,70090.0,0,0,0,0,0,0,0,0,0,0,0,0,0,0,0,,,
IT,2002,17930401000.0,-4.42077351067423,302133000.0,211614.0,6,1,0,0,0,7,0,7,6,1,0,0,0,7,0,,,
IT,2003,16734641000.0,-8.431452392116485,285703000.0,221448.0,10,0,1,0,0,10,1,11,7,0,2,2,0,7,4,,,
IT,2004,85555357000.0,-34.03645120704411,21151000.0,662209.0,19,2,0,0,1,20,1,21,14,5,0,0,2,19,2,,,
IT,2005,172029324000.0,-33.67031506279497,2355118000.0,798285.0,84,0,0,0,0,84,0,84,74,8,1,0,1,83,1,,,
IT,2006,140349209000.0,-28.67450780322325,1735334000.0,698452.0,75,2,0,0,0,77,0,77,69,6,2,0,0,75,2,56.666666666667,,
IT,2007,146385838000.0,-30.74592702586424,2821790000.0,807112.0,58,1,0,0,0,58,0,58,53,2,3,0,0,58,0,56.666666666667,,
IT,2008,85552586000.0,-24.591396915540116,1538324000.0,605457.0,35,1,0,1,0,36,1,37,29,3,2,2,1,32,5,56.666666666667,,
IT,2009,149032501000.0,-13.716944392829772,2796602000.0,897847.0,23,3,0,0,0,26,0,26,23,1,2,0,0,26,0,56.666666666667,,
IT,2010,132347949000.0,-18.50347807835964,2135311000.0,708359.0,17,0,0,0,0,17,0,17,14,1,1,1,0,15,2,56.666666666667,,
IT,2011,79124769000.0,-18.403797847640604,1669047000.0,587571.0,10,1,0,0,0,11,0,11,5,5,1,0,0,11,0,56.666666666667,,
IT,2012,115482732000.0,-19.114501972336615,1725761000.0,753005.0,11,1,0,0,0,12,0,12,3,2,6,0,1,9,3,56.666666666667,,
IT,2013,71379109000.0,-16.257755728130658,2350798000.0,610936.0,6,0,1,1,0,6,2,8,4,2,1,0,1,6,2,56.666666666667,,
IT,2014,65944045000.0,-18.253735189382773,2056624000.0,612159.0,6,1,1,0,0,8,0,8,6,0,1,0,1,6,2,66.0,,
IT,2015,60836302000.0,-18.689284763769304,2484489000.0,538512.0,5,1,0,0,0,6,0,6,3,1,1,1,0,5,1,66.0,,
IT,2016,58927161000.0,-16.16324168032123,2632398000.0,524657.0,3,1,2,0,0,5,1,6,2,0,3,1,0,3,3,66.0,,
IT,2017,61768233000.0,-12.73713369098674,2979286000.0,473716.0,4,0,0,0,0,4,0,4,2,1,1,0,0,4,0,66.0,,
IT,2018,189980000.0,-0.3020051634831627,0.0,6320.0,0,0,0,0,0,0,0,0,0,0,0,0,0,0,0,66.0,,
JP,1990,88435326.0,-0.5628107151552805,5889728.0,5071.0,0,0,0,0,0,0,0,0,0,0,0,0,0,0,0,,,
JP,1991,122223633.0,-0.8648158786384432,8759380.0,13972.0,0,0,0,0,0,0,0,0,0,0,0,0,0,0,0,,,
JP,1992,568361391.0,-0.5628107151552805,10096670.0,15005.0,0,0,0,0,0,0,0,0,0,0,0,0,0,0,0,,,
JP,1993,1415099023.0,-0.8604016345158312,14397645.0,16513.0,0,0,0,0,0,0,0,0,0,0,0,0,0,0,0,,,
JP,1994,1344002155.0,-1.171235286244218,13446834.0,16899.0,0,0,0,0,0,0,0,0,0,0,0,0,0,0,0,,,
JP,1995,2306268574.0,-2.075779361986169,14157126.0,5628.0,0,0,0,0,0,0,0,0,0,0,0,0,0,0,0,,,
JP,1996,2489465977.0,-1.3831081831741043,536306837.0,26043.0,0,0,0,0,0,0,0,0,0,0,0,0,0,0,0,,,
JP,1997,2178763936.0,-1.6777562731195803,484251813.0,18607.0,0,0,0,0,0,0,0,0,0,0,0,0,0,0,0,,,
JP,1998,2226963320.0,-1.9300984849844869,477761259.0,18741.0,0,0,0,0,0,0,0,0,0,0,0,0,0,0,0,,,
JP,1999,3849482001.0,-1.9220002936152878,1017938007.0,31118.0,0,0,0,0,0,0,0,0,0,0,0,0,0,0,0,,,
JP,2000,5218399160.0,-4.586678224187934,1165122567.0,120904.0,0,0,0,0,0,0,0,0,0,0,0,0,0,0,0,,,
JP,2001,8325856181.0,-6.041853265164906,3205876793.0,58167.0,2,1,0,0,0,2,0,2,1,0,0,1,0,1,1,,,
JP,2002,6690922767.0,-8.139284594548686,2263022591.0,108964.0,1,0,0,0,0,1,0,1,1,0,0,0,0,1,0,,,
JP,2003,10516148457.0,9.457612774866309,2591122207.0,214727.0,2,1,1,0,0,4,0,4,1,2,1,0,0,4,0,,,
JP,2004,13264582932.0,13.06342813571912,2659135626.0,325298.0,3,1,0,2,1,4,3,7,0,1,0,1,5,1,6,,,
JP,2005,15591769560.0,-0.13504276038026145,2687552902.0,537124.0,6,3,3,0,1,12,1,13,4,3,2,2,2,8,5,,,
JP,2006,24358958231.0,-21.781129968468065,4898375049.0,867804.0,9,5,0,0,1,10,1,11,1,5,1,1,3,7,4,70.0,,
JP,2007,233797982538.0,-51.186806087491156,53116067617.0,8046085.0,45,13,6,6,3,59,10,69,22,25,11,7,4,55,14,70.0,,
JP,2008,263128544434.0,-31.104302486696646,65010753029.0,9100666.0,110,22,8,3,3,123,9,132,72,38,11,6,5,115,17,70.0,,
JP,2009,215876140693.0,23.032214673081587,77951362595.0,9452353.0,321,20,8,6,1,324,9,333,263,40,19,8,3,314,19,70.0,,
JP,2010,234790100256.0,34.103547364852325,73865456431.0,9885181.0,324,13,7,6,0,317,10,327,287,23,10,4,3,316,11,70.0,,
JP,2011,289051486867.0,-17.30599744673283,73301381124.0,9291601.0,198,10,2,2,0,194,4,198,156,32,5,3,2,191,7,70.0,,
JP,2012,345624404840.0,20.467928862719056,116488204153.0,12269539.0,710,10,3,3,2,370,6,376,323,44,4,3,2,369,7,70.0,,
JP,2013,307284812310.0,22.478879409929682,103507768897.0,11159355.0,665,20,8,3,0,374,5,379,327,32,15,5,0,365,14,70.0,,
JP,2014,379832196260.0,-105.72188920700397,100538076672.0,13602498.0,1247,12,8,2,0,624,5,629,545,64,14,6,0,619,10,64.0,,
JP,2015,394801515673.0,-107.19310660853269,99255057852.0,11725715.0,444,14,3,4,0,232,5,237,187,38,5,6,1,228,9,64.0,,
JP,2016,395372820187.0,-54.053491908592775,104171828394.0,11589111.0,158,11,3,3,0,90,6,96,68,20,5,3,0,90,6,64.0,,
JP,2017,423766716081.0,-54.130522115199554,109805732042.0,11377749.0,93,12,3,4,0,62,6,68,25,28,8,6,1,57,11,64.0,,
JP,2018,17229225030.0,-19.907240172216706,247583536.0,385096.0,11,0,0,0,0,10,0,10,4,1,4,1,0,5,5,64.0,,
KR,1993,21706000.0,-0.22402018398368484,708000.0,0.0,0,0,0,0,0,0,0,0,0,0,0,0,0,0,0,,,
KR,1994,13835000.0,-0.11219266621084868,1845000.0,0.0,0,0,0,0,0,0,0,0,0,0,0,0,0,0,0,,,
KR,1995,25551000.0,-0.7471027020354578,1279000.0,0.0,0,0,0,0,0,0,0,0,0,0,0,0,0,0,0,,,
KR,1996,59166148.0,-0.7971308020917266,659037.0,0.0,0,0,0,0,0,0,0,0,0,0,0,0,0,0,0,,,
KR,1997,17742529.0,-0.5922390093060268,44356.0,0.0,0,0,0,0,0,0,0,0,0,0,0,0,0,0,0,,,
KR,1999,77788000.0,-1.2260427788611112,485000.0,0.0,0,0,0,0,0,0,0,0,0,0,0,0,0,0,0,,,
KR,2000,9504850.0,-0.7250206604669107,4896792.0,0.0,0,0,0,0,0,0,0,0,0,0,0,0,0,0,0,,,
KR,2001,546443179.0,-16.927625389453638,31777235.0,6434.0,0,0,0,0,0,0,0,0,0,0,0,0,0,0,0,,,
KR,2002,51322425686.0,-73.32099754550867,5405165801.0,464111.0,0,0,0,0,1,0,1,1,0,0,0,0,1,0,1,,,
KR,2003,44801189186.0,-78.64351021088257,5041283090.0,421627.0,14,0,0,0,1,5,1,6,2,2,1,0,1,4,2,,,
KR,2004,68496383302.0,-90.34544413986163,6433826157.0,455069.0,5,3,0,1,0,7,1,8,1,3,2,1,1,6,2,,,
KR,2005,85134031824.0,-104.17396993253658,8677722356.0,484630.0,0,0,0,1,0,0,1,1,0,0,0,1,0,0,1,,,
KR,2006,85531771192.0,-72.15566126785991,9417085877.0,533297.0,29,2,1,1,1,13,3,16,6,4,3,2,1,12,4,60.0,,
KR,2007,73242335133.0,-32.114674918968035,8900747112.0,519155.0,92,12,5,3,1,60,5,65,23,20,10,11,1,52,13,60.0,,
KR,2008,75478216771.0,0.3600888768028746,9651572569.0,616672.0,163,28,5,3,3,110,8,118,53,40,14,6,5,101,17,60.0,,
KR,2009,75725625237.0,2.4723317418614097,10576119508.0,631796.0,197,14,6,3,3,104,9,113,63,22,11,9,8,91,22,60.0,,
KR,2010,128366343524.0,-76.45657099583775,17925213737.0,629400.0,169,12,3,6,2,80,9,89,44,13,9,14,9,63,26,60.0,,
KR,2011,125458860660.0,-88.57696826930515,20023043800.0,689883.0,244,9,4,6,4,101,11,112,55,12,19,17,9,74,38,60.0,,
KR,2012,114731016419.0,-10.77464702766764,24798925971.0,737395.0,338,11,1,1,5,128,7,135,70,29,9,13,14,105,30,60.0,,
KR,2013,110760782458.0,55.96746634657875,26827268219.0,625538.0,164,9,2,3,1,70,5,75,46,14,5,6,4,64,11,66.666666666667,Korea strengthened investor protections by making it easier to sue directors in cases of prejudicial related-party transactions.,True
KR,2014,93225405837.0,78.57370310968291,30052017764.0,729653.0,190,6,6,2,4,80,7,87,64,4,8,4,7,75,12,70.0,,
KR,2015,93981744982.0,149.2962854336159,30813826962.0,776243.0,295,11,8,6,7,114,18,132,84,24,8,6,10,112,20,74.0,The Republic of Korea strengthened minority investor protections by increasing the level of transparency expected from companies on managerial compensation.,True
KR,2016,112389934517.0,185.06321772532328,30611057335.0,701434.0,110,11,7,1,4,57,10,67,39,11,9,4,4,52,15,74.0,,
KR,2017,241025890734.0,171.76349779519794,48844133437.0,1190009.0,173,17,4,5,3,80,10,90,50,14,11,11,4,68,22,74.0,,
KY,2002,1868791.0,0.8655678174254429,2663000.0,723.0,0,0,0,0,0,0,0,0,0,0,0,0,0,0,0,,,
KY,2003,44657435.0,0.10190358421357476,5241000.0,856.0,0,0,0,0,0,0,0,0,0,0,0,0,0,0,0,,,
KY,2004,266102298.0,-1.9135477747635639,8318000.0,7884.0,0,0,0,0,0,0,0,0,0,0,0,0,0,0,0,,,
KY,2005,269392120.0,-2.3325249970182,14023453.0,9442.0,0,1,0,0,0,1,0,1,0,1,0,0,0,1,0,,,
KY,2006,310030314.0,-2.2206974792453633,15634445.0,14693.0,0,0,0,0,0,0,0,0,0,0,0,0,0,0,0,,,
KY,2007,444355412.0,-1.8359279437020986,15384000.0,58129.0,0,0,0,0,0,0,0,0,0,0,0,0,0,0,0,,,
KY,2008,629836498.0,-1.668186667042844,23018482.0,75152.0,1,0,0,0,0,1,0,1,1,0,0,0,0,1,0,,,
KY,2009,928646593.0,-0.15519637830098149,28212189.0,77395.0,1,0,0,0,0,1,0,1,0,1,0,0,0,1,0,,,
KY,2010,1000419373.0,-1.58392923836423,33994814.0,87377.0,0,0,0,0,0,0,0,0,0,0,0,0,0,0,0,,,
KY,2011,1155394273.0,-1.0203774053774373,65927483.0,100606.0,1,0,0,0,0,1,0,1,1,0,0,0,0,1,0,,,
KY,2012,1321485919.0,0.4672228639427912,112789867.0,108671.0,0,0,0,0,0,0,0,0,0,0,0,0,0,0,0,,,
KY,2013,1834964546.0,0.3016941198225864,154864775.0,115072.0,0,0,0,0,0,0,0,0,0,0,0,0,0,0,0,,,
KY,2014,1848813176.0,1.0653583530344546,234593259.0,114308.0,1,1,0,0,0,2,0,2,0,2,0,0,0,2,0,,,
KY,2015,1623965382.0,-0.5094313534239754,215109521.0,83887.0,0,0,0,0,0,0,0,0,0,0,0,0,0,0,0,,,
KY,2016,1647434526.0,-0.3192537077136492,235309913.0,78646.0,0,0,0,0,0,0,0,0,0,0,0,0,0,0,0,,,
KY,2017,1148929760.0,-1.1564886763023827,254792659.0,31889.0,1,1,0,0,1,2,1,3,1,0,0,1,1,1,2,,,
MY,2000,11409168.0,-0.3020051634831627,0.0,1303.0,0,0,0,0,0,0,0,0,0,0,0,0,0,0,0,,,
MY,2001,15902222.0,-0.6040103269663254,0.0,4058.0,0,0,0,0,0,0,0,0,0,0,0,0,0,0,0,,,
MY,2002,37789005.0,-1.4261551790861864,199000.0,6499.0,0,0,0,0,0,0,0,0,0,0,0,0,0,0,0,,,
MY,2003,512924853.0,-10.05808511986576,15462800.0,55391.0,0,0,0,0,0,0,0,0,0,0,0,0,0,0,0,,,
MY,2004,1031454166.0,-25.411469907542262,2824300.0,78186.0,5,3,0,0,0,8,0,8,1,4,2,0,1,7,1,,,
MY,2005,1269374729.0,-27.98089267247397,3582400.0,82687.0,2,2,0,0,0,4,0,4,1,3,0,0,0,4,0,,,
MY,2006,1457664728.0,-28.155249904839398,3156533.0,58242.0,1,1,0,0,0,2,0,2,0,1,1,0,0,2,0,86.666666666667,,
MY,2007,1879621835.0,-23.740618991878456,2625564.0,28568.0,8,0,0,0,0,8,0,8,5,1,2,0,0,8,0,86.666666666667,,
MY,2008,2248168298.0,-32.06183431144,3110853.0,29686.0,5,0,1,1,0,6,1,7,3,1,1,2,0,5,2,86.666666666667,,
MY,2009,1640673751.0,-24.145236394540245,5247108.0,29545.0,2,0,0,0,0,2,0,2,0,1,1,0,0,2,0,86.666666666667,,
MY,2010,2639279575.0,-30.811840464998333,12097720.0,31363.0,7,0,1,0,0,7,0,7,2,1,3,1,0,5,2,86.666666666667,,
MY,2011,4677909123.0,-31.686923783723074,9167947.0,43774.0,18,0,0,0,0,18,0,18,3,14,0,1,0,17,1,86.666666666667,,
MY,2012,3228051022.0,-27.28228173005432,8513576.0,44650.0,1,0,1,0,0,2,0,2,0,0,2,0,0,1,1,86.666666666667,,
MY,2013,3064565608.0,-21.567693796328363,17538818.0,6218.0,4,1,1,0,1,5,2,7,4,1,1,0,1,5,2,86.666666666667,,
MY,2014,3845074513.0,-32.22440940518965,15407016.0,20874.0,10,0,2,0,0,10,2,12,9,0,2,1,0,9,3,86.0,,
MY,2015,3959809632.0,-31.137785875106566,8517562.0,17738.0,6,4,2,1,0,11,2,13,6,4,1,2,0,11,2,86.0,,
MY,2016,3179803610.0,-26.704037391903128,22262146.0,17836.0,12,2,0,0,0,14,0,14,10,3,1,0,0,13,1,86.0,,
MY,2017,3207354465.0,-28.0445178323806,12497034.0,60787.0,7,0,1,0,0,8,0,8,6,0,1,1,0,6,2,86.0,,
MY,2018,333154588.0,-0.5966532534286388,62663.0,0.0,0,0,0,0,0,0,0,0,0,0,0,0,0,0,0,88.0,Malaysia strengthened minority investor protections by requiring greater corporate transparency.,True
NL,1989,0.0,-0.3020051634831627,0.0,0.0,0,0,0,0,0,0,0,0,0,0,0,0,0,0,0,,,
NL,1990,0.0,-0.3020051634831627,0.0,0.0,0,0,0,0,0,0,0,0,0,0,0,0,0,0,0,,,
NL,1991,0.0,-0.3020051634831627,0.0,0.0,0,0,0,0,0,0,0,0,0,0,0,0,0,0,0,,,
NL,1992,0.0,-0.3020051634831627,0.0,86.0,0,0,0,0,0,0,0,0,0,0,0,0,0,0,0,,,
NL,1993,0.0,-0.3020051634831627,0.0,0.0,0,0,0,0,0,0,0,0,0,0,0,0,0,0,0,,,
NL,1998,15493419.0,-0.9060154904494881,0.0,3386.0,0,0,0,0,0,0,0,0,0,0,0,0,0,0,0,,,
NL,1999,-150865588.0,-1.8120309808989763,0.0,6088.0,0,0,0,0,0,0,0,0,0,0,0,0,0,0,0,,,
NL,2000,152021022.0,-3.020051634831627,0.0,25142.0,0,0,0,0,0,0,0,0,0,0,0,0,0,0,0,,,
NL,2001,511834555.0,-3.086254475715319,12720000.0,43399.0,0,0,0,0,0,0,0,0,0,0,0,0,0,0,0,,,
NL,2002,1732195639.0,2.4187055564862625,500546000.0,87733.0,0,0,1,0,0,1,0,1,0,0,1,0,0,1,0,,,
NL,2003,2181541073.0,3.9416414206983617,543423000.0,110702.0,0,0,0,0,0,0,0,0,0,0,0,0,0,0,0,,,
NL,2004,5984024638.0,-11.589784546590158,557525000.0,586440.0,9,2,0,0,0,11,0,11,6,3,1,0,1,9,2,,,
NL,2005,6134945311.0,-9.002683163257027,599153000.0,600532.0,5,0,0,0,0,5,0,5,4,1,0,0,0,5,0,,,
NL,2006,7594373000.0,-8.695887786257753,953575000.0,1014051.0,4,1,0,0,0,5,0,5,3,1,0,1,0,4,1,43.333333333333,,
NL,2007,10597450000.0,-6.748819337836894,1077198000.0,513936.0,14,1,0,0,0,13,0,13,5,7,0,0,1,12,1,43.333333333333,,
NL,2008,9359376752.0,-8.489148609371016,684447059.0,666695.0,16,0,0,0,0,16,0,16,9,6,1,0,0,16,0,43.333333333333,,
NL,2009,5221594466.0,-9.607080280572339,502167643.0,317176.0,12,0,1,0,0,13,0,13,7,3,3,0,0,12,1,43.333333333333,,
NL,2010,8974815758.0,-11.362112878226348,560535716.0,530870.0,6,2,0,0,0,8,0,8,3,2,3,0,0,7,1,43.333333333333,,
NL,2011,8682071477.0,-10.634503715826888,676686557.0,526645.0,6,0,0,0,0,6,0,6,4,0,1,1,0,5,1,43.333333333333,,
NL,2012,9427390630.0,-8.214402491321499,620832293.0,746968.0,0,1,1,0,0,2,0,2,0,0,1,0,1,1,1,43.333333333333,,
NL,2013,7934368957.0,-7.00858354897241,797092445.0,509170.0,5,0,0,0,0,5,0,5,4,1,0,0,0,5,0,46.666666666667,The Netherlands strengthened investor protections through a new law regulating the approval of related-party transactions.,True
NL,2014,8143411223.0,-11.812376599688253,626806334.0,549633.0,10,1,0,0,0,11,0,11,10,1,0,0,0,11,0,58.0,,
NL,2015,6451324343.0,-10.54182623116301,592596000.0,238962.0,13,2,1,0,1,16,1,17,11,2,3,0,1,15,2,58.0,,
NL,2016,7745297691.0,-7.981940609441577,479916151.0,464157.0,4,0,0,0,0,4,0,4,4,0,0,0,0,4,0,58.0,,
NL,2017,13399176313.0,-7.000861326996712,638968692.0,976751.0,22,2,1,0,0,25,0,25,22,2,1,0,0,25,0,58.0,,
NO,1994,2627366.0,-0.3020051634831627,0.0,0.0,0,0,0,0,0,0,0,0,0,0,0,0,0,0,0,,,
NO,1995,226228224.0,-0.9060154904494881,0.0,5531.0,0,0,0,0,0,0,0,0,0,0,0,0,0,0,0,,,
NO,1996,255860634.0,-1.5100258174158134,0.0,8483.0,0,0,0,0,0,0,0,0,0,0,0,0,0,0,0,,,
NO,1997,222136804.0,-0.8430989855079087,3001866.0,8781.0,0,0,0,0,0,0,0,0,0,0,0,0,0,0,0,,,
NO,1998,208661098.0,-1.6082238124718267,4107470.0,9187.0,1,0,0,0,0,1,0,1,0,0,0,1,0,0,1,,,
NO,1999,331664604.0,-1.8208270062777383,12713612.0,9393.0,1,0,0,0,0,1,0,1,0,0,0,0,1,0,1,,,
NO,2000,331594730.0,-6.29611860781926,9796340.0,12261.0,0,0,0,0,0,0,0,0,0,0,0,0,0,0,0,,,
NO,2001,352849594.0,0.1612010676414916,92762571.0,18016.0,2,0,0,0,0,2,0,2,0,0,0,1,1,0,2,,,
NO,2002,19934314099.0,12.870261612723217,747001578.0,314199.0,16,0,1,0,0,17,0,17,0,0,1,16,0,1,16,,,
NO,2003,17670863771.0,12.78351307071144,581467593.0,192324.0,9,2,1,0,0,12,0,12,5,3,3,1,0,9,3,,,
NO,2004,23496820828.0,-10.985987874685023,744576435.0,238883.0,13,2,0,0,0,15,0,15,11,2,1,1,0,13,2,,,
NO,2005,31423587593.0,-12.58423364882015,908980468.0,270618.0,45,5,1,0,0,51,0,51,28,15,4,3,1,45,6,,,
NO,2006,53888033748.0,-29.274393287816565,496319928.0,424155.0,110,3,0,0,0,113,0,113,79,16,5,10,3,98,15,63.333333333333,,
NO,2007,44864259899.0,-28.586125532171625,830253599.0,508038.0,108,3,1,3,0,112,3,115,73,20,10,10,2,99,16,63.333333333333,,
NO,2008,36822125867.0,-22.95734218852023,652397067.0,332840.0,52,3,2,1,0,56,2,58,30,11,9,4,4,44,14,63.333333333333,Norway strengthened investor protections through amendments to rules on related-party transactions in the Public Limited Companies Act.,True
NO,2009,31827057863.0,-27.61187862454268,710124364.0,296325.0,19,5,0,1,0,24,1,25,15,8,1,1,0,24,1,63.333333333333,,
NO,2010,37038531078.0,19.83207369876357,705562066.0,288535.0,18,2,1,1,0,21,1,22,12,4,3,2,1,17,5,63.333333333333,,
NO,2011,48074460080.0,-6.599711452471765,738286977.0,297190.0,17,1,0,0,0,18,0,18,11,2,2,1,2,14,4,63.333333333333,,
NO,2012,50021642132.0,-12.142541476720329,809450189.0,280623.0,13,2,0,0,0,15,0,15,10,4,0,1,0,14,1,63.333333333333,,
NO,2013,41063086611.0,-17.670281384500022,958370971.0,254025.0,17,1,1,1,1,19,2,20,11,4,3,2,1,17,4,63.333333333333,,
NO,2014,36976119178.0,-29.556025885459437,731072254.0,246922.0,21,1,0,0,0,22,0,22,11,7,4,0,0,20,2,76.0,,
NO,2015,28934988878.0,-18.89382222907248,652002506.0,240339.0,10,1,0,0,0,11,0,11,8,3,0,0,0,11,0,76.0,,
NO,2016,25191541310.0,-20.171740492090898,667016708.0,250044.0,13,0,0,0,0,13,0,13,11,2,0,0,0,13,0,76.0,,
NO,2017,32610682434.0,-14.845681787843205,564861343.0,250030.0,7,1,1,0,0,9,0,9,2,4,3,0,0,7,2,76.0,,
PL,1996,1080479000.0,-0.3020051634831627,0.0,0.0,0,0,0,0,0,0,0,0,0,0,0,0,0,0,0,,,
PL,1997,942888000.0,-0.3020051634831627,0.0,471.0,0,0,0,0,0,0,0,0,0,0,0,0,0,0,0,,,
PL,1998,6115487.0,-0.6040103269663254,0.0,0.0,0,0,0,0,0,0,0,0,0,0,0,0,0,0,0,,,
PL,1999,99145509.0,-1.2080206539326508,0.0,0.0,0,0,0,0,0,0,0,0,0,0,0,0,0,0,0,,,
PL,2000,-22290163.0,-0.9060154904494881,0.0,4676.0,0,0,0,0,0,0,0,0,0,0,0,0,0,0,0,,,
PL,2001,200344656.0,-1.2080206539326508,0.0,4385.0,0,0,0,0,0,0,0,0,0,0,0,0,0,0,0,,,
PL,2002,-35369597.0,-2.1140361443821387,0.0,17249.0,0,0,0,0,0,0,0,0,0,0,0,0,0,0,0,,,
PL,2003,155498291.0,-3.6240619617979526,0.0,3205.0,4,0,0,0,0,4,0,4,3,0,1,0,0,3,1,,,
PL,2004,1971084325.0,-8.456144577528555,0.0,28262.0,2,0,0,0,0,2,0,2,1,0,0,0,1,1,1,,,
PL,2005,3099065144.0,-10.268175558427531,0.0,43050.0,0,0,1,1,0,1,1,2,0,0,0,1,1,0,2,,,
PL,2006,3392921290.0,-11.956607703893374,577000.0,76125.0,1,0,0,0,0,1,0,1,1,0,0,0,0,1,0,56.666666666667,,
PL,2007,4561529583.0,-15.100258174158135,0.0,78098.0,0,0,0,0,0,0,0,0,0,0,0,0,0,0,0,60.0,,
PL,2008,2890697023.0,-21.744371770787716,0.0,85364.0,5,0,0,0,0,5,0,5,1,1,3,0,0,5,0,60.0,,
PL,2009,3616256569.0,-37.512641401212306,2753679.0,72101.0,29,2,0,1,1,31,2,33,14,11,3,4,1,26,7,60.0,,
PL,2010,5368088467.0,-40.35575812270144,3576974.0,118442.0,31,0,0,0,0,31,0,31,19,6,5,1,0,26,5,60.0,,
PL,2011,6509993546.0,-49.72821809363224,1891096.0,134581.0,27,2,0,2,0,29,2,31,14,12,0,4,1,26,5,60.0,,
PL,2012,5625431668.0,-57.463745433861014,1510901.0,172911.0,32,5,1,0,2,38,2,40,17,16,5,0,2,36,4,60.0,,
PL,2013,5125584265.0,-95.26736179872769,953573.0,267156.0,52,11,5,1,0,66,3,68,32,21,7,6,3,56,13,60.0,,
PL,2014,5658259886.0,-107.32439085117161,3073207.0,248949.0,62,10,4,4,1,74,7,81,35,27,5,10,4,63,18,66.0,,
PL,2015,5513191340.0,-104.12446147358243,6305437.0,242934.0,58,10,4,3,4,69,10,79,34,25,8,5,7,63,16,66.0,,
PL,2016,7461680555.0,-101.35491548747015,8805672.0,356344.0,68,15,4,1,0,85,2,87,47,24,7,8,1,75,12,66.0,,
PL,2017,11309229078.0,-58.83398685406078,2548789.0,333615.0,36,3,2,0,0,40,1,41,21,9,8,2,1,34,7,66.0,,
PL,2018,2086410.0,-0.3020051634831627,0.0,0.0,1,0,0,0,0,1,0,1,1,0,0,0,0,1,0,66.0,,
RO,2003,379679000.0,-0.6040103269663254,0.0,59697.0,0,0,0,0,0,0,0,0,0,0,0,0,0,0,0,,,
RO,2004,430896000.0,-0.6040103269663254,0.0,56494.0,0,0,0,0,0,0,0,0,0,0,0,0,0,0,0,,,
RO,2005,854169862.0,-0.6040103269663254,0.0,52603.0,0,0,0,0,0,0,0,0,0,0,0,0,0,0,0,,,
RO,2006,2449854069.0,-1.8120309808989763,0.0,80437.0,0,0,0,0,0,0,0,0,0,0,0,0,0,0,0,,,
RO,2007,2044404555.0,-1.5100258174158134,0.0,64454.0,0,0,0,0,0,0,0,0,0,0,0,0,0,0,0,,,
RO,2008,2310979008.0,-1.5100258174158134,0.0,69283.0,0,0,0,0,0,0,0,0,0,0,0,0,0,0,0,,,
RO,2009,1754011365.0,-1.5100258174158134,0.0,63433.0,0,0,0,0,0,0,0,0,0,0,0,0,0,0,0,,,
RO,2010,3052336657.0,-1.8120309808989763,0.0,52237.0,0,0,0,0,0,0,0,0,0,0,0,0,0,0,0,,,
RO,2011,3743828159.0,-2.1140361443821387,0.0,45961.0,0,0,0,0,0,0,0,0,0,0,0,0,0,0,0,,,
RO,2012,3960036571.0,-5.738098106180091,0.0,45803.0,0,0,0,0,0,0,0,0,0,0,0,0,0,0,0,,,
RO,2013,4390203248.0,-13.288227193259159,0.0,60849.0,2,1,0,0,0,3,0,3,2,0,0,0,1,2,1,,,
RO,2014,4114791229.0,-16.308278828090785,0.0,23537.0,2,0,0,2,0,2,2,4,2,0,0,2,0,2,2,,,
RO,2015,1944021998.0,-16.308278828090785,0.0,42321.0,2,1,1,0,0,4,0,4,0,2,2,0,0,4,0,,,
RO,2016,1632420566.0,-16.610283991573947,0.0,43766.0,3,0,0,0,0,3,0,3,1,1,0,0,1,2,1,,,
RO,2017,1771745926.0,-9.060154904494881,0.0,36576.0,4,1,0,0,0,5,0,5,2,1,0,2,0,3,2,,,
RU,1998,433302108.0,-0.02096495434353498,40667270.0,0.0,0,0,0,0,0,0,0,0,0,0,0,0,0,0,0,,,
RU,1999,2627576887.0,-0.49953988273117583,31337295.0,0.0,0,0,0,0,0,0,0,0,0,0,0,0,0,0,0,,,
RU,2000,8873822547.0,-2.0610652149107955,44842357.0,49826.0,0,0,0,0,0,0,0,0,0,0,0,0,0,0,0,,,
RU,2001,7197141091.0,-3.2426004041077743,59003882.0,48476.0,0,0,0,0,0,0,0,0,0,0,0,0,0,0,0,,,
RU,2002,12088171355.0,-5.016374602610781,134272000.0,1208985.0,0,0,0,0,0,0,0,0,0,0,0,0,0,0,0,,,
RU,2003,13291595400.0,-7.1392392352381435,163543000.0,632287.0,2,0,1,0,0,2,1,3,0,1,1,0,1,1,2,,,
RU,2004,23971736070.0,-15.313978455189059,154637000.0,2398054.0,9,5,0,0,0,14,0,14,5,3,5,0,1,10,4,,,
RU,2005,33544299319.0,-26.809303058747226,192743000.0,783109.0,8,0,2,2,0,9,3,12,2,3,4,2,1,6,6,,,
RU,2006,36606102937.0,-45.33681877233133,411992536.0,1054652.0,13,39,2,1,1,52,4,56,10,41,2,1,2,51,5,46.666666666667,,
RU,2007,89110039541.0,-70.3384942733467,975634160.0,1779865.0,27,18,10,1,5,50,9,59,17,18,13,3,8,43,16,46.666666666667,,
RU,2008,90747908424.0,-82.30539105923735,1368521573.0,2141141.0,50,25,18,3,13,72,23,94,16,33,24,6,16,63,32,46.666666666667,,
RU,2009,72762511562.0,-90.234049695547,1197319229.0,1807698.0,37,28,16,3,1,67,13,80,18,33,20,7,2,59,21,46.666666666667,,
RU,2010,99585697675.0,-86.83805701341734,1392451993.0,1546486.0,36,16,10,0,0,58,2,60,18,28,13,1,0,56,4,46.666666666667,,
RU,2011,151119161368.0,-97.34055265878132,2049370047.0,1641283.0,44,18,8,0,0,54,4,58,20,26,12,0,0,52,6,46.666666666667,,
RU,2012,131562900444.0,-139.39357141519383,2022894257.0,1853701.0,44,20,13,0,1,58,8,66,26,21,15,1,3,56,10,46.666666666667,,
RU,2013,135830499206.0,-149.0952523112195,1984344842.0,1973178.0,53,32,13,4,3,75,11,86,22,40,14,4,6,71,15,46.666666666667,,
RU,2014,98253152935.0,-141.8368393056263,1158489604.0,1712309.0,37,16,5,2,2,49,4,53,19,19,10,3,2,46,7,56.0,,
RU,2015,98820226198.0,-132.81751886450445,1080987500.0,1763290.0,20,15,9,0,0,36,1,37,9,18,8,1,1,33,4,56.0,,
RU,2016,121775609700.0,-130.2017194838966,1228637327.0,1815193.0,34,9,4,2,2,30,4,34,9,15,6,1,3,30,4,56.0,,
RU,2017,140195766877.0,-119.65840019611508,1064733628.0,1706520.0,65,8,6,0,0,47,0,47,22,17,6,2,0,45,2,58.0,The Russian Federation strengthened minority investor protections by increasing shareholder rights and role in major corporate decisions.,True
SE,1994,26444494.0,-0.3020051634831627,0.0,1582.0,0,0,0,0,0,0,0,0,0,0,0,0,0,0,0,,,
SE,1995,447004031.0,-1.2080206539326508,0.0,9270.0,0,0,0,0,0,0,0,0,0,0,0,0,0,0,0,,,
SE,1996,1334429290.0,0.35059431169835564,106620133.0,32992.0,0,0,0,0,0,0,0,0,0,0,0,0,0,0,0,,,
SE,1997,2175438387.0,2.423828455573924,122946786.0,34417.0,0,0,0,0,0,0,0,0,0,0,0,0,0,0,0,,,
SE,1998,1048865466.0,0.9943761195901382,128114244.0,49338.0,0,0,0,0,0,0,0,0,0,0,0,0,0,0,0,,,
SE,1999,1353220257.0,5.324749603872465,121116160.0,62143.0,0,0,0,0,0,0,0,0,0,0,0,0,0,0,0,,,
SE,2000,1439949711.0,6.8120063666656545,165558172.0,83876.0,0,0,0,0,0,0,0,0,0,0,0,0,0,0,0,,,
SE,2001,1219262953.0,6.058652857362036,142804684.0,74591.0,0,0,0,0,0,0,0,0,0,0,0,0,0,0,0,,,
SE,2002,12887949987.0,78.41161678202383,4938279412.0,736140.0,8,0,0,0,0,8,0,8,7,0,0,0,1,7,1,,,
SE,2003,17356585707.0,60.26218972254389,5321831017.0,711618.0,15,0,0,1,0,13,1,14,10,2,1,1,0,13,1,,,
SE,2004,32571249862.0,34.39122999399002,5347547757.0,1316024.0,57,1,0,0,0,50,0,50,42,4,1,1,2,46,4,,,
SE,2005,63658010249.0,186.6777160453066,15616429545.0,2125166.0,118,1,1,0,0,63,0,63,48,10,4,1,0,61,2,,,
SE,2006,79025826093.0,162.05004763984434,12729615859.0,2474862.0,149,1,1,0,0,73,0,73,57,12,4,0,0,71,2,43.333333333333,,
SE,2007,76773384366.0,148.0065546274476,12886586630.0,2411773.0,158,2,0,1,0,85,1,86,64,18,3,1,0,84,2,56.666666666667,,
SE,2008,58855340368.0,172.666734828897,13277803111.0,2331627.0,183,3,0,0,0,92,0,92,66,14,8,4,0,82,10,56.666666666667,,
SE,2009,43530177930.0,200.83034262803733,13470898580.0,2375496.0,142,5,1,0,2,77,2,79,52,17,4,3,3,71,8,56.666666666667,,
SE,2010,73346229909.0,213.7287503693054,17717353866.0,2508285.0,84,4,0,0,0,60,0,60,46,9,3,2,0,57,3,56.666666666667,,
SE,2011,67607766622.0,279.41377671717436,17347889219.0,2078913.0,61,4,1,0,0,49,1,50,29,15,4,1,1,46,4,63.333333333333,Sweden strengthened investor protections by requiring greater corporate disclosure and regulating the approval of transactions between interested parties.,True
SE,2012,66610022996.0,170.48787792664626,18257685602.0,2081699.0,41,2,1,0,0,35,0,35,21,7,6,1,0,32,3,63.333333333333,,
SE,2013,68196217961.0,212.89483419952523,22761327320.0,2452212.0,73,3,0,1,0,48,1,49,34,9,4,2,0,47,2,63.333333333333,,
SE,2014,68543927173.0,127.32616165548907,18361615177.0,2210100.0,56,1,0,1,0,44,1,45,33,6,4,2,0,42,3,72.0,,
SE,2015,65713664776.0,231.03880567434595,17676199356.0,2032262.0,41,0,2,1,0,33,2,35,24,7,3,1,0,33,2,72.0,,
SE,2016,59044907850.0,120.7651018326692,16425565477.0,2029737.0,50,2,0,0,0,40,0,40,31,7,2,0,0,39,1,72.0,,
SE,2017,39653224965.0,12.892689924867359,14406286699.0,1662339.0,43,0,0,0,0,42,0,42,32,5,5,0,0,40,2,72.0,,
SG,2002,158508737.0,-1.0148893578517626,17854955.0,20945.0,0,0,0,0,0,0,0,0,0,0,0,0,0,0,0,,,
SG,2003,321102502.0,-3.860938087800486,17861516.0,24411.0,3,0,1,0,0,3,1,4,3,0,1,0,0,3,1,,,
SG,2004,2034553986.0,-19.597588533446256,18971111.0,99316.0,14,2,2,0,0,17,1,18,11,4,3,0,0,17,1,,,
SG,2005,2386159335.0,-21.163162961310473,19400068.0,39633.0,1,1,0,0,0,2,0,2,1,0,0,0,1,1,1,,,
SG,2006,2321714609.0,-21.244090770225025,23166682.0,14267.0,9,0,3,0,0,10,2,12,7,1,3,0,1,9,3,93.333333333333,,
SG,2007,3201862979.0,-21.241878237685977,15952975.0,12683.0,13,1,1,0,0,14,1,15,9,5,1,0,0,14,1,93.333333333333,,
SG,2008,2871815586.0,-20.31415667506144,15640864.0,11896.0,3,0,0,0,0,3,0,3,2,1,0,0,0,3,0,93.333333333333,,
SG,2009,2459564796.0,-20.135750347011413,11942660.0,11498.0,1,0,1,0,0,1,1,2,1,0,1,0,0,1,1,93.333333333333,,
SG,2010,5588368876.0,-21.830068151307405,21019426.0,11257.0,11,2,2,1,0,14,2,16,4,8,3,1,0,14,2,93.333333333333,,
SG,2011,5294271180.0,-19.46589150664392,26682129.0,11388.0,2,0,0,0,0,2,0,2,0,1,0,0,1,1,1,93.333333333333,,
SG,2012,5226389389.0,-19.661213693352884,24958392.0,11820.0,3,0,0,0,0,3,0,3,3,0,0,0,0,3,0,93.333333333333,,
SG,2013,4136839961.0,-19.583969831684918,25673412.0,12920.0,7,0,0,0,0,7,0,7,4,1,0,1,1,5,2,93.333333333333,,
SG,2014,4280989282.0,-19.804682037815518,29059294.0,223.0,3,0,0,0,0,3,0,3,3,0,0,0,0,3,0,86.0,,
SG,2015,4091787814.0,-21.74251356573119,37426402.0,240287.0,6,2,0,0,0,8,0,8,6,2,0,0,0,8,0,86.0,,
SG,2016,3580915640.0,-31.262082544549266,10721485.0,252054.0,7,2,0,0,0,8,0,8,6,1,1,0,0,8,0,86.0,,
SG,2017,3651079620.0,-17.962062391718835,642079356.0,250000.0,8,1,0,0,0,7,0,7,5,2,0,0,0,7,0,86.0,,
SG,2018,203865.0,-0.3020051634831627,0.0,0.0,0,0,0,0,0,0,0,0,0,0,0,0,0,0,0,86.0,,
